Tijd,CO2,TempBME,RHBME,Press,Rvoc,PM2.5,PM10,TijdGPS,LengteGr,BreedteGr,Hoogte,Sensornummer
1.12,673.0,23.6,56.06,1016.94,19.77,3.25,8.05,26;9;26;17;34;20,0,0,0,13
2.12,619.5,23.32,56.63,1016.93,31.27,3.15,7.45,26;9;26;17;35;11,4° 47.86694' E,50° 50.87778' N,38.2,13
3.12,604.5,23.03,56.94,1016.94,41.68,3.3,6.75,26;9;26;17;36;17,4° 47.86858' E,50° 50.87771' N,38.0,13
4.12,587.0,22.8,57.21,1016.96,51.19,3.0,8.4,26;9;26;17;37;17,4° 47.87191' E,50° 50.87759' N,39.5,13
5.12,581.0,22.59,57.53,1016.97,57.13,2.95,7.1,26;9;26;17;38;8,4° 47.87283' E,50° 50.87562' N,48.2,13
6.12,578.0,22.42,57.9,1016.96,61.75,3.35,6.8,26;9;26;17;39;8,4° 47.87031' E,50° 50.87595' N,52.75,13
7.12,575.0,22.28,58.22,1016.96,65.51,3.1,7.4,26;9;26;17;40;17,4° 47.86876' E,50° 50.87471' N,46.85,13
8.12,572.5,22.15,58.37,1016.96,68.44,3.15,6.65,26;9;26;17;41;8,4° 47.86839' E,50° 50.87272' N,42.35,13
9.12,571.0,22.01,58.78,1016.97,71.26,2.8,7.2,26;9;26;17;42;8,4° 47.86686' E,50° 50.87523' N,52.15,13
10.12,566.5,21.87,58.99,1016.97,73.49,3.6,7.65,26;9;26;17;43;8,4° 47.86644' E,50° 50.87544' N,52.35,13
11.12,565.5,21.74,59.26,1016.96,75.27,2.75,6.4,26;9;26;17;44;8,4° 47.86842' E,50° 50.87724' N,54.35,13
12.12,564.0,21.6,59.61,1016.97,77.46,2.75,6.3,26;9;26;17;45;17,4° 47.87211' E,50° 50.88105' N,53.15,13
Tijd,CO2,TempBME,RHBME,Press,Rvoc,PM2.5,PM10,TijdGPS,LengteGr,BreedteGr,Hoogte,Sensornummer
Tijd,CO2,TempBME,RHBME,Press,Rvoc,PM2.5,PM10,TijdGPS,LengteGr,BreedteGr,Hoogte,Sensornummer
Tijd,CO2,TempBME,RHBME,Press,Rvoc,PM2.5,PM10,TijdGPS,LengteGr,BreedteGr,Hoogte,Sensornummer
1.13,507.5,25.0,47.54,958.93,6.05,2.85,11.0,26;9;28;12;22;16,0,0,0,13
2.13,557.0,25.21,46.3,958.9,9.18,2.65,7.5,26;9;28;12;23;16,0,0,0,13
Tijd,CO2,TempBME,RHBME,Press,Rvoc,PM2.5,PM10,TijdGPS,LengteGr,BreedteGr,Hoogte,Sensornummer
Tijd,CO2,TempBME,RHBME,Press,Rvoc,PM2.5,PM10,TijdGPS,LengteGr,BreedteGr,Hoogte,Sensornummer
Tijd,CO2,TempBME,RHBME,Press,Rvoc,PM2.5,PM10,TijdGPS,LengteGr,BreedteGr,Hoogte,Sensornummer
Tijd,CO2,TempBME,RHBME,Press,Rvoc,PM2.5,PM10,TijdGPS,LengteGr,BreedteGr,Hoogte,Sensornummer
Tijd,CO2,TempBME,RHBME,Press,Rvoc,PM2.5,PM10,TijdGPS,LengteGr,BreedteGr,Hoogte,Sensornummer
Tijd,CO2,TempBME,RHBME,Press,Rvoc,PM2.5,PM10,TijdGPS,LengteGr,BreedteGr,Hoogte,Sensornummer
Tijd,CO2,TempBME,RHBME,Press,Rvoc,PM2.5,PM10,TijdGPS,LengteGr,BreedteGr,Hoogte,Sensornummer
Tijd,CO2,TempBME,RHBME,Press,Rvoc,PM2.5,PM10,TijdGPS,LengteGr,BreedteGr,Hoogte,Sensornummer
Tijd,CO2,TempBME,RHBME,Press,Rvoc,PM2.5,PM10,TijdGPS,LengteGr,BreedteGr,Hoogte,Sensornummer
Tijd,CO2,TempBME,RHBME,Press,Rvoc,PM2.5,PM10,TijdGPS,LengteGr,BreedteGr,Hoogte,Sensornummer
Tijd,CO2,TempBME,RHBME,Press,Rvoc,PM2.5,PM10,TijdGPS,LengteGr,BreedteGr,Hoogte,Sensornummer
Tijd,CO2,TempBME,RHBME,Press,Rvoc,PM2.5,PM10,TijdGPS,LengteGr,BreedteGr,Hoogte,Sensornummer
Tijd,CO2,TempBME,RHBME,Press,Rvoc,PM2.5,PM10,TijdGPS,LengteGr,BreedteGr,Hoogte,Sensornummer
Tijd,CO2,TempBME,RHBME,Press,Rvoc,PM2.5,PM10,TijdGPS,LengteGr,BreedteGr,Hoogte,Sensornummer
Tijd,CO2,TempBME,RHBME,Press,Rvoc,PM2.5,PM10,TijdGPS,LengteGr,BreedteGr,Hoogte,Sensornummer
Tijd,CO2,TempBME,RHBME,Press,Rvoc,PM2.5,PM10,TijdGPS,LengteGr,BreedteGr,Hoogte,Sensornummer
Tijd,CO2,TempBME,RHBME,Press,Rvoc,PM2.5,PM10,TijdGPS,LengteGr,BreedteGr,Hoogte,Sensornummer
Tijd,CO2,TempBME,RHBME,Press,Rvoc,PM2.5,PM10,TijdGPS,LengteGr,BreedteGr,Hoogte,Sensornummer
Tijd,CO2,TempBME,RHBME,Press,Rvoc,PM2.5,PM10,TijdGPS,LengteGr,BreedteGr,Hoogte,Sensornummer
1.13,473.0,24.73,46.74,958.62,10.52,2.4,5.2,26;9;28;12;41;17,0,0,0,13
2.13,568.0,24.71,47.67,958.59,15.73,3.8,24.7,26;9;28;12;42;17,11° 42.98005' E,47° 21.14677' N,556.3,13
3.13,567.0,24.75,45.45,958.59,22.18,3.65,14.55,26;9;28;12;43;17,11° 42.97896' E,47° 21.14391' N,575.9,13
4.13,563.5,24.9,45.19,958.55,29.36,2.1,7.45,26;9;28;12;44;8,11° 42.9802' E,47° 21.14761' N,600.4,13
5.13,534.0,25.02,45.78,958.54,34.33,2.35,9.55,26;9;28;12;45;8,11° 42.97988' E,47° 21.14755' N,593.8,13
6.13,544.0,25.16,46.14,958.52,38.16,2.15,5.95,26;9;28;12;46;17,11° 42.97804' E,47° 21.14471' N,601.9,13
Tijd,CO2,TempBME,RHBME,Press,Rvoc,PM2.5,PM10,TijdGPS,LengteGr,BreedteGr,Hoogte,Sensornummer
Tijd,CO2,TempBME,RHBME,Press,Rvoc,PM2.5,PM10,TijdGPS,LengteGr,BreedteGr,Hoogte,Sensornummer
Tijd,CO2,TempBME,RHBME,Press,Rvoc,PM2.5,PM10,TijdGPS,LengteGr,BreedteGr,Hoogte,Sensornummer
1.13,568.5,25.25,44.68,958.49,40.67,2.2,6.6,26;9;28;12;47;50,11° 42.97906' E,47° 21.15253' N,561.1,13
Tijd,CO2,TempBME,RHBME,Press,Rvoc,PM2.5,PM10,TijdGPS,LengteGr,BreedteGr,Hoogte,Sensornummer
Tijd,CO2,TempBME,RHBME,Press,Rvoc,PM2.5,PM10,TijdGPS,LengteGr,BreedteGr,Hoogte,Sensornummer
1.13,549.0,25.19,44.25,958.45,43.72,2.35,11.75,26;9;28;12;48;56,11° 42.97994' E,47° 21.14826' N,549.0,13
Tijd,CO2,TempBME,RHBME,Press,Rvoc,PM2.5,PM10,TijdGPS,LengteGr,BreedteGr,Hoogte,Sensornummer
1.13,584.0,25.62,45.65,958.44,48.35,2.0,5.75,26;9;28;12;50;51,11° 42.97783' E,47° 21.14829' N,563.6,13
2.13,574.5,25.6,44.81,958.45,51.94,2.1,5.85,26;9;28;12;52;0,11° 42.9779' E,47° 21.14873' N,565.0,13
3.13,573.0,25.39,44.55,958.46,57.24,2.05,8.25,26;9;28;12;53;0,11° 42.97876' E,47° 21.14591' N,564.35,13
4.13,564.5,25.2,44.54,958.44,61.52,2.15,5.8,26;9;28;12;54;0,11° 42.97825' E,47° 21.14826' N,561.35,13
5.13,527.5,24.86,43.02,958.43,67.42,2.6,8.2,26;9;28;12;55;0,11° 42.97946' E,47° 21.14989' N,553.8,13
6.13,539.5,24.89,44.33,958.4,69.0,5.3,33.25,26;9;28;12;56;0,11° 42.98154' E,47° 21.14977' N,552.25,13
7.13,534.5,25.0,44.34,958.39,70.94,2.55,9.2,26;9;28;12;56;51,11° 42.97823' E,47° 21.1475' N,554.5,13
8.13,577.0,24.98,43.39,958.38,74.29,2.0,5.15,26;9;28;12;57;51,11° 42.9789' E,47° 21.14824' N,555.7,13
9.13,601.0,24.71,43.31,958.37,78.81,2.0,10.6,26;9;28;12;58;51,11° 42.97698' E,47° 21.14832' N,551.3,13
10.13,559.5,24.67,42.84,958.35,82.19,1.9,5.25,26;9;28;12;59;51,11° 42.97877' E,47° 21.14721' N,542.5,13
11.13,534.5,24.66,43.21,958.35,83.63,1.85,5.05,26;9;28;13;1;0,11° 42.97983' E,47° 21.14923' N,547.5,13
12.13,535.5,24.71,43.85,958.35,83.67,1.5,4.55,26;9;28;13;1;51,11° 42.97872' E,47° 21.14879' N,545.1,13
13.13,537.0,24.84,44.31,958.33,83.24,2.05,5.1,26;9;28;13;3;0,11° 42.98072' E,47° 21.14793' N,540.95,13
14.13,551.0,24.9,44.85,958.31,83.12,2.6,13.45,26;9;28;13;4;0,11° 42.97824' E,47° 21.14874' N,543.05,13
15.13,551.5,25.03,44.26,958.3,84.64,1.95,4.9,26;9;28;13;4;51,11° 42.97749' E,47° 21.14776' N,548.0,13
16.13,544.5,25.03,43.7,958.29,85.96,1.7,5.9,26;9;28;13;5;51,11° 42.96951' E,47° 21.14454' N,591.7,13
17.13,549.5,25.06,44.6,958.3,85.37,2.1,4.65,26;9;28;13;6;51,11° 42.97597' E,47° 21.1482' N,582.8,13
18.13,554.0,25.15,44.09,958.29,85.83,2.55,5.8,26;9;28;13;8;0,11° 42.98016' E,47° 21.14444' N,568.4,13
19.13,555.5,25.23,43.97,958.29,86.76,2.05,6.5,26;9;28;13;8;51,11° 42.98042' E,47° 21.14314' N,560.5,13
20.13,555.5,25.23,44.12,958.28,88.02,1.8,5.35,26;9;28;13;9;51,11° 42.97949' E,47° 21.14655' N,562.45,13
21.13,553.0,25.13,44.12,958.26,89.49,2.15,8.25,26;9;28;13;11;0,11° 42.97912' E,47° 21.14913' N,559.9,13
22.13,548.0,25.13,44.59,958.25,90.04,2.2,9.0,26;9;28;13;11;51,11° 42.9807' E,47° 21.14863' N,563.5,13
23.13,546.0,25.15,44.68,958.25,89.86,2.1,9.65,26;9;28;13;12;51,11° 42.97836' E,47° 21.14478' N,558.4,13
24.13,546.5,25.17,44.68,958.24,90.88,1.8,10.5,26;9;28;13;13;51,11° 42.98213' E,47° 21.14801' N,546.6,13
25.13,547.0,25.09,44.9,958.21,92.69,1.95,7.6,26;9;28;13;14;51,11° 42.98308' E,47° 21.14773' N,548.0,13
26.13,545.0,25.07,44.57,958.2,96.44,1.85,7.35,26;9;28;13;15;51,11° 42.98086' E,47° 21.14631' N,555.1,13
27.13,541.5,25.09,44.36,958.17,98.03,4.35,25.05,26;9;28;13;17;0,11° 42.97776' E,47° 21.14844' N,553.05,13
28.13,512.0,25.0,43.86,958.17,99.1,2.2,4.45,26;9;28;13;18;0,11° 42.9797' E,47° 21.15124' N,552.8,13
29.13,528.0,24.84,44.0,958.15,100.57,1.65,3.8,26;9;28;13;19;0,11° 42.97988' E,47° 21.15205' N,548.5,13
30.13,531.0,24.69,44.21,958.13,101.29,2.1,5.2,26;9;28;13;20;0,11° 42.98083' E,47° 21.15035' N,552.1,13
31.13,532.0,24.71,44.45,958.12,98.49,2.4,6.4,26;9;28;13;21;0,11° 42.98639' E,47° 21.15582' N,538.2,13
32.13,535.0,24.81,44.77,958.14,92.84,1.75,4.75,26;9;28;13;21;51,11° 42.97556' E,47° 21.15788' N,542.2,13
33.13,535.0,24.95,44.96,958.13,91.25,1.8,3.8,26;9;28;13;22;51,11° 42.97133' E,47° 21.15907' N,551.3,13
34.13,534.0,25.12,45.45,958.12,89.22,1.9,4.35,26;9;28;13;23;51,11° 42.97384' E,47° 21.159' N,556.5,13
35.13,534.5,25.3,45.62,958.11,87.58,2.3,4.25,26;9;28;13;25;0,11° 42.9631' E,47° 21.15746' N,563.6,13
36.13,536.5,25.49,45.55,958.09,86.55,2.1,4.0,26;9;28;13;25;51,11° 42.95907' E,47° 21.15962' N,563.7,13
37.13,537.0,25.68,45.08,958.07,87.97,1.4,3.7,26;9;28;13;26;51,11° 42.96283' E,47° 21.15692' N,578.85,13
38.13,537.5,25.85,45.5,958.06,85.75,2.2,4.1,26;9;28;13;27;51,11° 42.96367' E,47° 21.15776' N,570.3,13
39.13,538.0,26.02,45.57,958.05,83.08,2.05,4.0,26;9;28;13;29;0,11° 42.96128' E,47° 21.15809' N,570.1,13
40.13,537.0,26.16,45.59,958.02,81.43,2.2,4.6,26;9;28;13;30;0,11° 42.96518' E,47° 21.15929' N,570.3,13
41.13,534.0,26.37,45.22,958.02,80.72,1.9,4.1,26;9;28;13;31;0,11° 42.97044' E,47° 21.16064' N,570.2,13
42.13,534.0,26.51,44.97,958.01,81.17,2.15,4.95,26;9;28;13;32;0,11° 42.95888' E,47° 21.16147' N,574.7,13
43.13,536.0,26.71,45.39,958.0,77.15,2.3,4.15,26;9;28;13;33;0,11° 42.97061' E,47° 21.16062' N,557.0,13
44.13,537.0,26.84,44.83,957.98,77.46,2.25,4.7,26;9;28;13;34;0,11° 42.96851' E,47° 21.16138' N,554.35,13
45.13,536.0,26.93,44.88,957.95,77.15,1.75,3.6,26;9;28;13;35;0,11° 42.97556' E,47° 21.16308' N,543.3,13
46.13,534.0,27.05,44.81,957.92,76.55,2.25,4.4,26;9;28;13;36;0,11° 42.97609' E,47° 21.16099' N,549.75,13
47.13,535.5,27.2,44.33,957.92,76.49,2.0,4.3,26;9;28;13;37;0,11° 42.96782' E,47° 21.16135' N,549.1,13
48.13,542.0,27.31,44.31,957.91,75.92,1.8,4.5,26;9;28;13;37;51,11° 42.97608' E,47° 21.1596' N,548.0,13
49.13,541.0,27.44,44.12,957.89,75.69,2.2,4.25,26;9;28;13;39;0,11° 42.96869' E,47° 21.16226' N,550.9,13
50.13,541.0,27.58,44.4,957.89,74.2,2.15,4.75,26;9;28;13;40;0,11° 42.96748' E,47° 21.16426' N,565.4,13
51.13,542.0,27.55,41.49,957.87,79.75,2.15,6.2,26;9;28;13;41;0,11° 42.95817' E,47° 21.17588' N,558.9,13
52.13,540.0,26.99,41.34,957.99,88.33,2.1,5.85,26;9;28;13;41;51,11° 42.91499' E,47° 21.20455' N,554.7,13
53.13,535.0,26.89,41.84,958.16,89.64,2.3,5.95,26;9;28;13;43;0,11° 42.86871' E,47° 21.18844' N,554.4,13
54.13,534.0,26.89,41.16,958.14,92.55,1.75,4.4,26;9;28;13;43;51,11° 42.80855' E,47° 21.16302' N,556.3,13
55.13,529.5,26.9,41.49,958.11,92.31,2.65,6.2,26;9;28;13;44;51,11° 42.77266' E,47° 21.18161' N,552.6,13
56.13,533.5,26.97,41.26,958.14,98.0,2.85,6.85,26;9;28;13;46;0,11° 42.75619' E,47° 21.21789' N,543.85,13
57.13,534.5,26.99,40.96,958.18,99.97,2.15,7.65,26;9;28;13;46;51,11° 42.72464' E,47° 21.24746' N,543.3,13
58.13,535.0,26.89,41.33,958.23,101.47,2.05,6.4,26;9;28;13;47;51,11° 42.6749' E,47° 21.22512' N,548.7,13
59.13,532.0,26.93,40.6,958.23,104.08,2.2,5.55,26;9;28;13;48;51,11° 42.63107' E,47° 21.19133' N,547.3,13
60.13,527.0,27.06,40.93,958.21,101.91,2.25,3.95,26;9;28;13;49;51,11° 42.58115' E,47° 21.16317' N,542.8,13
61.13,532.5,27.24,40.44,958.17,103.71,2.55,5.15,26;9;28;13;51;0,11° 42.53497' E,47° 21.13621' N,541.0,13
62.13,540.0,27.33,40.18,958.13,103.98,2.05,5.7,26;9;28;13;51;51,11° 42.49559' E,47° 21.10729' N,541.85,13
63.13,539.0,27.32,40.38,958.08,102.12,2.4,5.2,26;9;28;13;53;0,11° 42.48962' E,47° 21.06841' N,550.2,13
64.13,540.0,27.35,40.38,958.02,100.57,2.4,7.6,26;9;28;13;53;51,11° 42.46312' E,47° 21.02895' N,543.3,13
65.13,540.5,27.35,40.49,957.96,98.8,2.5,5.8,26;9;28;13;55;0,11° 42.44949' E,47° 20.9922' N,547.9,13
66.13,535.0,27.37,40.5,957.85,94.57,1.85,4.55,26;9;28;13;55;51,11° 42.45436' E,47° 20.94713' N,554.1,13
67.13,539.0,27.36,40.44,957.64,91.3,2.3,6.3,26;9;28;13;57;0,11° 42.47256' E,47° 20.90964' N,547.3,13
68.13,542.0,27.44,40.38,957.35,91.87,2.2,5.25,26;9;28;13;57;51,11° 42.47161' E,47° 20.86716' N,547.8,13
69.13,540.5,27.49,39.85,957.57,92.06,2.35,4.45,26;9;28;13;59;0,11° 42.46845' E,47° 20.82838' N,560.6,13
70.13,533.0,27.38,39.84,957.76,92.02,1.75,5.15,26;9;28;13;59;51,11° 42.46831' E,47° 20.78828' N,564.7,13
71.13,532.0,27.26,39.09,957.74,101.24,2.3,5.15,26;9;28;14;0;51,11° 42.51361' E,47° 20.78202' N,548.6,13
72.13,533.5,27.24,39.71,957.41,101.73,2.05,5.5,26;9;28;14;1;51,11° 42.54181' E,47° 20.76292' N,571.4,13
73.13,552.5,27.18,39.8,957.41,104.23,3.0,7.65,26;9;28;14;3;0,11° 42.52887' E,47° 20.724' N,547.8,13
74.13,560.0,27.18,39.62,957.52,103.83,2.75,6.2,26;9;28;14;3;51,11° 42.53007' E,47° 20.72314' N,548.1,13
75.13,564.0,27.19,39.92,957.53,101.24,2.75,6.0,26;9;28;14;5;0,11° 42.52641' E,47° 20.72495' N,550.75,13
76.13,563.0,27.27,39.68,957.52,97.62,2.55,5.8,26;9;28;14;5;51,11° 42.52705' E,47° 20.72514' N,549.35,13
77.13,553.5,27.32,39.75,957.5,92.06,2.1,5.15,26;9;28;14;6;51,11° 42.52974' E,47° 20.72373' N,546.0,13
78.13,546.0,27.4,39.71,957.47,91.16,2.4,5.5,26;9;28;14;8;0,11° 42.52851' E,47° 20.72524' N,550.25,13
79.13,556.0,27.44,40.11,957.46,89.49,6.15,13.4,26;9;28;14;8;51,11° 42.52181' E,47° 20.72651' N,549.65,13
80.13,619.5,27.56,40.06,957.49,85.33,15.15,23.95,26;9;28;14;9;51,11° 42.5226' E,47° 20.72646' N,557.05,13
81.13,653.5,27.61,39.89,957.49,82.65,7.8,11.55,26;9;28;14;10;51,11° 42.52434' E,47° 20.72546' N,557.5,13
82.13,650.0,27.65,39.73,957.49,82.11,5.1,10.15,26;9;28;14;11;51,11° 42.52316' E,47° 20.72377' N,568.1,13
83.13,610.0,27.67,39.55,957.47,81.81,2.65,6.25,26;9;28;14;13;0,11° 42.52043' E,47° 20.72387' N,567.95,13
84.13,591.5,27.66,39.32,957.45,81.73,2.85,6.75,26;9;28;14;13;51,11° 42.52333' E,47° 20.72475' N,575.45,13
85.13,577.0,27.61,39.15,957.45,81.77,2.9,5.8,26;9;28;14;14;51,11° 42.5254' E,47° 20.7251' N,574.75,13
86.13,566.5,27.53,39.03,957.45,82.15,3.7,6.75,26;9;28;14;16;0,11° 42.52509' E,47° 20.72482' N,571.95,13
87.13,560.5,27.42,38.97,957.44,83.59,2.9,5.5,26;9;28;14;17;0,11° 42.52501' E,47° 20.72474' N,577.8,13
88.13,559.5,27.29,39.0,957.45,84.56,3.0,5.8,26;9;28;14;18;0,11° 42.52613' E,47° 20.72178' N,574.6,13
89.13,557.0,27.18,38.99,957.43,85.17,2.25,5.45,26;9;28;14;18;51,11° 42.52923' E,47° 20.72623' N,584.4,13
90.13,552.5,27.07,38.98,957.43,85.96,3.65,5.9,26;9;28;14;19;51,11° 42.52381' E,47° 20.7249' N,582.9,13
91.13,551.5,26.96,39.07,957.41,86.51,3.9,6.75,26;9;28;14;20;51,11° 42.52688' E,47° 20.72044' N,564.8,13
92.13,559.0,26.85,39.09,957.41,86.12,3.05,6.35,26;9;28;14;22;0,11° 42.52521' E,47° 20.72936' N,569.1,13
93.13,578.5,26.76,39.2,957.4,86.17,3.55,5.7,26;9;28;14;23;0,11° 42.52704' E,47° 20.72635' N,579.5,13
94.13,604.5,26.69,39.29,957.4,86.55,3.45,5.9,26;9;28;14;24;0,11° 42.52721' E,47° 20.7259' N,562.2,13
95.13,602.0,26.61,39.29,957.4,86.8,2.85,5.6,26;9;28;14;25;0,11° 42.52937' E,47° 20.72349' N,550.6,13
96.13,578.5,26.54,39.41,957.41,88.28,2.25,4.75,26;9;28;14;26;0,11° 42.52772' E,47° 20.72645' N,551.1,13
97.13,559.0,26.48,39.37,957.39,88.77,2.15,4.8,26;9;28;14;26;51,11° 42.52762' E,47° 20.72578' N,566.1,13
98.13,553.5,26.4,39.4,957.38,88.59,3.2,7.45,26;9;28;14;27;51,11° 42.52799' E,47° 20.72506' N,547.6,13
99.13,595.0,26.35,39.57,957.37,88.46,7.65,11.55,26;9;28;14;28;51,11° 42.53273' E,47° 20.72355' N,533.0,13
100.13,599.5,26.29,39.58,957.36,88.37,4.7,8.05,26;9;28;14;29;51,11° 42.52987' E,47° 20.72532' N,533.7,13
101.13,596.5,26.23,39.6,957.36,88.5,3.75,6.75,26;9;28;14;30;51,11° 42.53001' E,47° 20.72864' N,539.5,13
102.13,592.5,26.18,39.76,957.36,89.54,2.65,4.7,26;9;28;14;31;51,11° 42.52962' E,47° 20.73162' N,547.0,13
103.13,571.5,26.14,39.73,957.34,89.81,2.6,4.55,26;9;28;14;33;0,11° 42.53046' E,47° 20.72826' N,549.2,13
104.13,553.0,26.09,39.69,957.32,89.72,2.35,4.6,26;9;28;14;34;0,11° 42.52471' E,47° 20.72667' N,553.1,13
105.13,563.0,26.05,39.73,957.33,90.41,3.35,6.0,26;9;28;14;35;0,11° 42.5247' E,47° 20.72704' N,556.3,13
106.13,571.0,26.0,39.81,957.33,91.02,3.35,6.1,26;9;28;14;36;0,11° 42.52504' E,47° 20.72806' N,574.8,13
107.13,565.5,25.95,39.77,957.32,91.11,1.9,4.2,26;9;28;14;37;0,11° 42.5253' E,47° 20.72887' N,573.2,13
108.13,587.0,25.89,39.87,957.31,90.97,4.0,7.6,26;9;28;14;37;51,11° 42.52367' E,47° 20.73281' N,590.9,13
109.13,598.0,25.84,39.82,957.31,91.63,2.35,4.65,26;9;28;14;39;0,11° 42.52415' E,47° 20.73238' N,603.6,13
110.13,593.5,25.77,39.87,957.3,91.3,3.25,6.95,26;9;28;14;40;0,11° 42.52637' E,47° 20.73051' N,600.7,13
111.13,595.0,25.71,40.04,957.31,92.99,10.9,15.5,26;9;28;14;40;51,11° 42.52563' E,47° 20.73037' N,580.9,13
112.13,568.5,25.67,39.99,957.31,92.84,2.25,4.75,26;9;28;14;41;51,11° 42.52556' E,47° 20.73144' N,577.2,13
113.13,564.0,25.64,40.04,957.29,92.55,3.95,7.45,26;9;28;14;43;0,11° 42.5259' E,47° 20.73117' N,574.5,13
114.13,555.0,25.61,40.05,957.28,93.18,2.55,5.65,26;9;28;14;44;0,11° 42.52699' E,47° 20.72991' N,570.5,13
115.13,547.5,25.58,40.03,957.26,96.34,2.75,5.3,26;9;28;14;45;0,11° 42.52691' E,47° 20.72832' N,564.7,13
116.13,552.5,25.52,40.14,957.27,96.47,2.35,5.7,26;9;28;14;46;0,11° 42.5254' E,47° 20.72642' N,566.0,13
117.13,570.0,25.47,40.19,957.26,96.42,2.8,5.95,26;9;28;14;47;0,11° 42.52435' E,47° 20.72475' N,563.1,13
118.13,566.0,25.43,40.27,957.26,97.19,2.5,6.2,26;9;28;14;48;0,11° 42.52444' E,47° 20.72548' N,561.9,13
119.13,561.5,25.38,40.31,957.26,97.16,2.3,4.65,26;9;28;14;49;0,11° 42.52253' E,47° 20.72636' N,567.4,13
120.13,560.0,25.32,40.36,957.24,97.21,2.3,5.9,26;9;28;14;50;0,11° 42.52489' E,47° 20.72547' N,568.5,13
121.13,555.5,25.3,40.46,957.25,97.65,2.5,4.9,26;9;28;14;51;0,11° 42.52514' E,47° 20.72688' N,573.3,13
122.13,553.0,25.31,40.65,957.24,100.2,2.5,6.9,26;9;28;14;52;0,11° 42.52563' E,47° 20.72693' N,568.7,13
123.13,548.0,25.31,40.46,957.23,101.64,2.2,5.2,26;9;28;14;53;0,11° 42.52406' E,47° 20.72738' N,562.5,13
124.13,543.5,25.28,40.39,957.21,100.4,2.7,6.4,26;9;28;14;54;0,11° 42.52384' E,47° 20.72636' N,554.3,13
125.13,561.5,25.24,40.53,957.21,100.26,2.6,5.2,26;9;28;14;55;0,11° 42.52367' E,47° 20.72665' N,557.6,13
126.13,560.5,25.2,40.4,957.19,100.54,2.4,5.4,26;9;28;14;55;51,11° 42.5267' E,47° 20.72562' N,574.3,13
127.13,558.0,25.13,40.42,957.18,100.28,2.25,6.0,26;9;28;14;57;0,11° 42.52478' E,47° 20.72629' N,570.0,13
128.13,562.5,25.03,40.53,957.16,100.63,3.3,6.9,26;9;28;14;58;0,11° 42.52536' E,47° 20.72522' N,555.3,13
129.13,577.5,25.03,40.65,957.17,101.0,2.2,6.6,26;9;28;14;59;0,11° 42.52388' E,47° 20.72601' N,558.85,13
130.13,570.5,25.05,40.65,957.16,101.82,3.0,6.4,26;9;28;14;59;51,11° 42.52751' E,47° 20.72578' N,566.9,13
131.13,568.5,25.05,40.85,957.13,104.02,2.45,4.85,26;9;28;15;0;51,11° 42.52772' E,47° 20.728' N,571.15,13
132.13,564.0,24.86,40.87,957.02,107.01,2.0,6.3,26;9;28;15;1;51,11° 42.54686' E,47° 20.75545' N,559.6,13
133.13,553.5,24.68,41.36,956.92,110.5,1.9,5.9,26;9;28;15;2;51,11° 42.525' E,47° 20.78271' N,562.4,13
134.13,547.0,24.43,42.27,957.2,114.75,2.55,5.45,26;9;28;15;4;0,11° 42.46676' E,47° 20.78775' N,554.7,13
135.13,547.5,24.44,42.45,957.3,113.16,2.75,9.45,26;9;28;15;4;51,11° 42.46759' E,47° 20.79853' N,555.3,13
136.13,566.0,24.7,42.41,957.33,108.14,2.35,6.9,26;9;28;15;6;0,11° 42.49238' E,47° 20.79864' N,577.2,13
137.13,755.0,24.88,42.36,957.41,100.0,2.25,9.35,26;9;28;15;7;0,11° 42.44139' E,47° 20.75729' N,560.5,13
138.13,961.0,25.04,42.38,957.38,92.89,2.5,6.05,26;9;28;15;8;0,11° 42.4133' E,47° 20.7891' N,553.6,13
139.13,1163.5,25.19,42.48,957.37,90.88,2.45,6.6,26;9;28;15;9;0,11° 42.40306' E,47° 20.82699' N,550.0,13
140.13,1265.5,25.32,42.55,957.34,88.77,2.2,5.7,26;9;28;15;9;51,11° 42.38155' E,47° 20.9215' N,562.3,13
141.13,1336.0,25.43,42.63,957.53,87.02,2.3,5.6,26;9;28;15;10;51,11° 42.35784' E,47° 20.99741' N,550.5,13
142.13,1369.0,25.53,42.66,957.58,85.54,2.3,5.9,26;9;28;15;11;51,11° 42.37291' E,47° 21.09292' N,557.6,13
143.13,1383.5,25.61,42.68,957.6,84.6,2.65,5.05,26;9;28;15;12;51,11° 42.58468' E,47° 21.29029' N,547.0,13
144.13,1403.0,25.7,42.71,957.69,83.99,2.9,5.95,26;9;28;15;14;0,11° 42.76889' E,47° 21.37942' N,537.9,13
145.13,1410.5,25.76,42.63,957.75,83.4,2.9,9.95,26;9;28;15;14;51,11° 42.81701' E,47° 21.40878' N,536.9,13
146.13,1350.0,25.82,42.75,957.83,82.46,2.7,6.5,26;9;28;15;15;51,11° 43.32773' E,47° 21.66373' N,524.7,13
147.13,1295.0,25.87,42.78,958.01,81.35,2.5,5.7,26;9;28;15;16;51,11° 43.93747' E,47° 21.92261' N,531.5,13
148.13,1343.0,25.92,42.75,958.06,81.13,2.45,5.35,26;9;28;15;18;0,11° 44.66698' E,47° 22.33972' N,520.9,13
149.13,1352.0,25.95,42.45,958.09,80.87,2.2,4.9,26;9;28;15;19;0,11° 45.24489' E,47° 22.74241' N,529.0,13
150.13,1337.0,25.95,42.43,958.34,80.8,1.45,3.7,26;9;28;15;20;0,11° 46.09067' E,47° 22.98757' N,529.9,13
151.13,1333.0,25.96,42.27,958.71,80.98,2.1,4.2,26;9;28;15;20;51,11° 46.62169' E,47° 22.94249' N,517.7,13
152.13,1343.5,25.91,41.88,958.57,82.0,1.55,3.95,26;9;28;15;21;51,11° 47.32401' E,47° 23.23996' N,524.6,13
153.13,1363.0,25.85,41.53,958.73,83.12,2.25,4.85,26;9;28;15;22;51,11° 47.88165' E,47° 23.58051' N,524.85,13
154.13,1412.5,25.82,41.78,959.19,83.08,1.9,5.5,26;9;28;15;24;0,11° 48.42005' E,47° 23.82853' N,520.9,13
155.13,1468.0,25.81,41.58,958.85,83.59,2.2,4.65,26;9;28;15;25;0,11° 48.68508' E,47° 23.60653' N,521.6,13
156.13,1446.5,25.73,41.17,957.58,85.33,2.0,4.3,26;9;28;15;26;0,11° 49.65039' E,47° 23.17842' N,530.6,13
157.13,1470.0,25.68,41.45,958.48,87.06,2.05,4.5,26;9;28;15;26;51,11° 49.94906' E,47° 22.95874' N,524.0,13
158.13,1503.5,25.69,41.74,957.98,86.89,1.9,6.65,26;9;28;15;28;0,0,0,0,13
159.13,1547.0,25.72,41.76,958.57,86.72,2.15,6.4,26;9;28;15;29;0,0,0,0,13
160.13,1609.5,25.77,41.91,958.5,86.42,2.2,5.4,26;9;28;15;30;0,0,0,0,13
161.13,1655.5,25.82,41.93,958.22,85.83,2.0,5.95,26;9;28;15;31;0,0,0,0,13
162.13,1717.5,25.83,41.89,957.94,84.96,1.95,4.95,26;9;28;15;32;0,0,0,0,13
163.13,1783.0,25.86,42.02,957.69,84.23,2.15,4.95,26;9;28;15;33;0,0,0,0,13
164.13,1819.5,25.89,41.99,957.68,83.63,2.3,6.05,26;9;28;15;34;0,0,0,0,13
165.13,1880.0,25.88,42.07,957.38,83.47,2.5,5.95,26;9;28;15;34;51,0,0,0,13
166.13,1926.5,25.87,42.3,955.57,82.81,2.8,7.35,26;9;28;15;36;0,0,0,0,13
167.13,1972.5,25.89,42.07,952.99,82.23,3.25,9.45,26;9;28;15;37;0,0,0,0,13
168.13,1987.5,25.92,42.14,952.09,81.92,4.4,13.75,26;9;28;15;37;51,0,0,0,13
169.13,1689.0,25.96,42.19,951.93,82.07,4.5,19.85,26;9;28;15;39;0,11° 50.77826' E,47° 20.51046' N,618.4,13
170.13,1600.0,26.02,42.1,951.77,82.38,2.6,6.9,26;9;28;15;40;0,11° 50.68423' E,47° 20.45865' N,604.5,13
171.13,1505.5,26.04,42.36,949.03,82.0,2.4,6.6,26;9;28;15;41;0,11° 50.5526' E,47° 20.32999' N,626.0,13
172.13,1473.5,26.07,42.82,946.53,81.09,2.9,7.9,26;9;28;15;42;0,11° 50.55602' E,47° 20.27198' N,650.8,13
173.13,1451.0,26.13,42.76,946.09,80.39,2.95,7.35,26;9;28;15;43;0,11° 50.56759' E,47° 20.26503' N,646.3,13
174.13,1393.5,26.14,42.73,947.24,80.06,3.05,7.35,26;9;28;15;44;0,11° 50.7762' E,47° 20.33002' N,618.4,13
175.13,1363.0,26.16,42.63,949.47,80.06,2.55,8.0,26;9;28;15;45;0,11° 50.79222' E,47° 20.33496' N,603.6,13
176.13,1319.5,26.17,42.53,949.87,80.06,4.5,10.05,26;9;28;15;46;0,11° 50.79377' E,47° 20.33439' N,607.4,13
177.13,1322.5,26.18,42.57,949.91,79.92,3.8,10.1,26;9;28;15;47;0,11° 50.79524' E,47° 20.33551' N,609.2,13
178.13,1330.0,26.19,42.61,949.91,79.84,4.55,11.3,26;9;28;15;48;0,11° 50.79666' E,47° 20.33505' N,607.8,13
179.13,1345.5,26.19,42.64,949.98,79.59,3.75,9.5,26;9;28;15;49;0,11° 50.78782' E,47° 20.3339' N,611.3,13
180.13,1291.0,26.2,42.71,949.98,80.32,4.35,9.25,26;9;28;15;50;0,11° 50.78505' E,47° 20.33287' N,609.1,13
181.13,1216.0,26.21,42.77,950.01,80.68,4.1,8.55,26;9;28;15;51;0,11° 50.78665' E,47° 20.33376' N,607.1,13
182.13,1191.0,26.21,42.77,950.02,80.91,3.75,8.05,26;9;28;15;52;0,11° 50.78683' E,47° 20.33448' N,598.6,13
183.13,1194.5,26.21,42.81,950.03,80.72,2.75,7.25,26;9;28;15;53;0,11° 50.78645' E,47° 20.33555' N,594.7,13
184.13,1191.0,26.22,42.84,949.89,80.57,2.9,5.85,26;9;28;15;54;0,11° 50.78638' E,47° 20.33551' N,593.1,13
185.13,1186.5,26.22,42.88,949.86,80.5,2.8,6.1,26;9;28;15;55;0,11° 50.78714' E,47° 20.33479' N,599.1,13
186.13,1180.0,26.23,42.96,949.86,79.92,2.85,5.95,26;9;28;15;55;51,11° 50.78658' E,47° 20.3342' N,599.7,13
187.13,1169.0,26.24,43.0,949.86,79.74,2.4,5.65,26;9;28;15;56;51,11° 50.78636' E,47° 20.33439' N,597.7,13
188.13,1162.0,26.25,43.02,949.86,79.34,2.4,5.35,26;9;28;15;58;0,11° 50.78593' E,47° 20.33511' N,595.4,13
189.13,1150.0,26.25,43.04,949.87,79.06,2.65,6.2,26;9;28;15;59;0,11° 50.78555' E,47° 20.33563' N,594.1,13
190.13,1141.5,26.26,43.06,949.87,78.7,2.95,6.95,26;9;28;15;59;51,11° 50.7862' E,47° 20.33537' N,595.0,13
191.13,1137.0,26.26,43.07,949.87,78.32,2.45,5.5,26;9;28;16;0;51,11° 50.78686' E,47° 20.33454' N,599.1,13
192.13,1132.5,26.27,43.08,949.87,78.14,2.45,5.45,26;9;28;16;1;51,11° 50.78637' E,47° 20.33375' N,604.1,13
193.13,1113.5,26.27,43.09,949.86,77.73,2.95,6.2,26;9;28;16;3;0,11° 50.79' E,47° 20.33121' N,612.4,13
194.13,1101.0,26.27,43.11,949.87,77.56,2.55,6.55,26;9;28;16;3;51,11° 50.78335' E,47° 20.33432' N,601.1,13
195.13,1094.5,26.27,43.14,949.87,77.39,2.1,4.8,26;9;28;16;4;51,11° 50.78315' E,47° 20.33296' N,606.4,13
196.13,1082.5,26.28,43.15,949.88,77.25,2.5,5.15,26;9;28;16;5;51,11° 50.78112' E,47° 20.33402' N,608.1,13
197.13,1075.0,26.29,43.14,949.88,76.92,2.55,5.75,26;9;28;16;6;51,11° 50.7824' E,47° 20.33391' N,599.8,13
198.13,1072.0,26.29,43.13,949.87,76.58,2.55,5.55,26;9;28;16;8;0,11° 50.78148' E,47° 20.33509' N,605.0,13
199.13,1072.5,26.29,43.12,949.88,76.25,2.55,6.65,26;9;28;16;9;0,11° 50.78296' E,47° 20.33501' N,609.3,13
200.13,1074.0,26.29,43.11,949.88,75.73,2.15,5.4,26;9;28;16;9;51,11° 50.78133' E,47° 20.33572' N,604.3,13
201.13,1070.5,26.29,43.12,949.88,75.37,2.55,5.4,26;9;28;16;10;51,11° 50.78229' E,47° 20.3356' N,603.4,13
202.13,1065.5,26.29,43.13,949.88,75.27,2.05,5.35,26;9;28;16;12;0,11° 50.78679' E,47° 20.33449' N,613.0,13
203.13,1042.5,26.3,43.14,949.91,75.6,2.95,5.1,26;9;28;16;13;0,11° 50.78739' E,47° 20.3347' N,613.0,13
204.13,1027.5,26.3,43.15,949.92,75.5,2.35,4.9,26;9;28;16;14;0,11° 50.7852' E,47° 20.33561' N,612.7,13
205.13,1019.0,26.31,43.14,949.93,75.11,2.5,4.65,26;9;28;16;15;0,11° 50.78615' E,47° 20.33592' N,606.8,13
206.13,966.5,26.32,43.12,949.94,75.69,3.35,5.95,26;9;28;16;16;0,11° 50.78706' E,47° 20.33551' N,613.6,13
207.13,878.0,26.32,43.09,949.94,76.09,2.95,6.9,26;9;28;16;17;0,11° 50.78777' E,47° 20.33491' N,611.8,13
208.13,867.0,26.32,43.12,949.95,76.15,2.25,6.85,26;9;28;16;18;0,11° 50.78959' E,47° 20.33293' N,616.1,13
209.13,870.5,26.32,43.14,949.96,75.89,2.95,5.9,26;9;28;16;19;0,11° 50.78983' E,47° 20.33196' N,615.8,13
210.13,871.5,26.33,43.16,949.96,75.99,2.85,6.5,26;9;28;16;20;0,11° 50.7867' E,47° 20.33345' N,610.8,13
211.13,871.0,26.33,43.19,949.97,76.09,2.75,6.65,26;9;28;16;21;0,11° 50.78605' E,47° 20.33396' N,604.1,13
212.13,875.0,26.34,43.2,949.98,75.86,2.45,6.8,26;9;28;16;22;0,11° 50.78337' E,47° 20.33283' N,604.5,13
213.13,876.0,26.35,43.23,949.99,75.53,2.55,6.1,26;9;28;16;23;0,11° 50.78334' E,47° 20.33269' N,601.8,13
214.13,875.0,26.36,43.25,950.0,75.4,2.45,6.15,26;9;28;16;23;51,11° 50.78542' E,47° 20.33377' N,601.8,13
215.13,874.0,26.36,43.26,950.01,75.08,2.55,5.15,26;9;28;16;24;51,11° 50.78496' E,47° 20.33433' N,605.2,13
216.13,873.5,26.37,43.28,950.0,74.89,2.9,5.4,26;9;28;16;25;51,11° 50.78513' E,47° 20.33467' N,611.3,13
217.13,873.5,26.38,43.29,950.0,74.38,2.4,5.55,26;9;28;16;26;51,11° 50.78554' E,47° 20.33482' N,613.8,13
218.13,873.0,26.38,43.3,950.0,74.42,2.5,4.9,26;9;28;16;27;51,11° 50.78519' E,47° 20.33511' N,610.4,13
219.13,873.0,26.39,43.31,950.01,74.29,2.6,5.7,26;9;28;16;29;0,11° 50.78374' E,47° 20.3349' N,618.6,13
220.13,872.5,26.39,43.31,950.01,74.32,2.3,5.4,26;9;28;16;30;0,11° 50.77696' E,47° 20.33267' N,615.9,13
221.13,872.5,26.4,43.32,950.02,74.07,2.1,4.5,26;9;28;16;30;51,11° 50.77809' E,47° 20.33235' N,610.6,13
222.13,870.0,26.4,43.31,950.02,74.07,2.25,5.1,26;9;28;16;32;0,11° 50.77964' E,47° 20.33286' N,607.6,13
223.13,869.0,26.4,43.3,950.03,74.01,2.35,5.25,26;9;28;16;33;0,11° 50.78064' E,47° 20.33363' N,608.0,13
224.13,873.5,26.41,43.31,950.03,73.92,2.35,4.95,26;9;28;16;33;51,11° 50.78186' E,47° 20.33474' N,607.7,13
225.13,876.0,26.41,43.31,950.03,73.79,1.9,4.3,26;9;28;16;34;51,11° 50.78264' E,47° 20.3353' N,609.1,13
226.13,876.0,26.41,43.29,950.02,73.64,2.45,5.0,26;9;28;16;35;51,11° 50.78364' E,47° 20.33433' N,607.4,13
227.13,876.0,26.41,43.3,950.03,73.55,2.3,4.5,26;9;28;16;36;51,11° 50.78268' E,47° 20.33398' N,605.4,13
228.13,877.0,26.41,43.29,950.04,73.64,2.15,4.7,26;9;28;16;37;51,11° 50.78095' E,47° 20.33475' N,603.9,13
229.13,875.5,26.41,43.29,950.04,73.73,2.45,4.3,26;9;28;16;39;0,11° 50.77767' E,47° 20.3369' N,602.2,13
230.13,875.0,26.41,43.3,950.06,73.45,2.5,5.45,26;9;28;16;39;51,11° 50.77959' E,47° 20.33527' N,606.1,13
231.13,874.0,26.41,43.3,950.07,73.49,2.55,4.9,26;9;28;16;40;51,11° 50.78119' E,47° 20.33403' N,610.5,13
232.13,875.0,26.41,43.3,950.07,73.33,2.5,4.4,26;9;28;16;41;51,11° 50.78179' E,47° 20.33346' N,608.8,13
233.13,872.5,26.41,43.3,950.08,73.24,2.1,4.05,26;9;28;16;43;0,11° 50.78281' E,47° 20.33393' N,608.3,13
234.13,873.5,26.41,43.29,950.09,73.49,2.45,4.35,26;9;28;16;43;51,11° 50.78262' E,47° 20.33403' N,614.9,13
235.13,871.0,26.4,43.29,950.1,73.42,2.4,4.55,26;9;28;16;45;0,11° 50.78303' E,47° 20.33461' N,615.4,13
236.13,869.5,26.4,43.28,950.12,73.27,2.6,4.9,26;9;28;16;45;51,11° 50.78031' E,47° 20.33608' N,615.1,13
237.13,868.0,26.4,43.29,950.13,73.33,2.45,4.9,26;9;28;16;46;51,11° 50.78157' E,47° 20.33615' N,614.1,13
238.13,866.0,26.4,43.29,950.14,73.21,1.95,4.25,26;9;28;16;48;0,11° 50.78538' E,47° 20.33442' N,614.0,13
239.13,864.5,26.4,43.29,950.16,73.21,2.35,4.15,26;9;28;16;48;51,11° 50.78566' E,47° 20.33447' N,613.9,13
240.13,866.0,26.4,43.29,950.16,73.18,2.45,4.35,26;9;28;16;49;51,11° 50.78625' E,47° 20.33495' N,611.5,13
241.13,867.0,26.4,43.28,950.16,73.21,2.5,4.7,26;9;28;16;50;51,11° 50.78584' E,47° 20.33506' N,613.0,13
242.13,868.5,26.4,43.27,950.18,73.21,2.25,5.15,26;9;28;16;51;51,11° 50.78618' E,47° 20.33484' N,613.3,13
243.13,866.5,26.4,43.28,950.18,73.21,2.45,4.85,26;9;28;16;52;51,11° 50.78731' E,47° 20.33475' N,612.9,13
244.13,865.0,26.39,43.27,950.2,73.24,2.6,4.9,26;9;28;16;53;51,11° 50.78661' E,47° 20.33394' N,614.85,13
245.13,863.0,26.39,43.26,950.21,73.3,2.4,4.1,26;9;28;16;54;51,11° 50.78453' E,47° 20.3344' N,614.5,13
246.13,863.0,26.39,43.25,950.23,73.33,1.7,3.75,26;9;28;16;55;51,11° 50.78087' E,47° 20.33536' N,613.4,13
247.13,857.0,26.39,43.25,950.24,73.33,2.35,4.2,26;9;28;16;56;51,11° 50.77986' E,47° 20.33604' N,613.5,13
248.13,855.0,26.39,43.25,950.27,73.27,2.2,4.25,26;9;28;16;57;51,11° 50.78073' E,47° 20.33593' N,613.6,13
249.13,853.0,26.38,43.25,950.29,73.36,2.15,3.9,26;9;28;16;58;51,11° 50.78066' E,47° 20.33614' N,612.8,13
250.13,853.0,26.38,43.24,950.3,73.42,2.1,4.25,26;9;28;17;0;0,11° 50.78085' E,47° 20.3362' N,610.0,13
251.13,851.0,26.38,43.24,950.31,73.52,2.2,3.45,26;9;28;17;1;0,11° 50.78157' E,47° 20.33656' N,609.6,13
252.13,850.0,26.37,43.24,950.33,73.39,2.2,4.25,26;9;28;17;2;0,11° 50.78157' E,47° 20.33654' N,611.9,13
253.13,844.0,26.37,43.25,950.35,73.36,2.25,4.05,26;9;28;17;3;0,11° 50.78072' E,47° 20.33583' N,615.8,13
254.13,843.5,26.37,43.24,950.36,73.18,2.15,3.8,26;9;28;17;4;0,11° 50.78479' E,47° 20.3403' N,610.0,13
255.13,842.5,26.37,43.24,950.36,73.39,2.35,4.45,26;9;28;17;5;0,11° 50.78966' E,47° 20.3445' N,615.6,13
256.13,837.0,26.37,43.23,950.39,73.39,2.8,4.4,26;9;28;17;6;0,11° 50.78782' E,47° 20.34462' N,620.8,13
257.13,837.0,26.37,43.23,950.4,73.33,2.6,4.05,26;9;28;17;7;0,11° 50.78025' E,47° 20.34085' N,623.0,13
258.13,837.5,26.36,43.24,950.4,73.24,1.75,3.85,26;9;28;17;8;0,11° 50.78173' E,47° 20.33907' N,618.7,13
259.13,838.0,26.36,43.24,950.41,73.3,2.1,3.95,26;9;28;17;9;0,11° 50.78167' E,47° 20.33492' N,614.8,13
260.13,836.5,26.36,43.24,950.42,73.24,2.2,4.3,26;9;28;17;10;0,11° 50.78248' E,47° 20.33361' N,608.4,13
261.13,833.0,26.36,43.23,950.42,73.52,2.4,4.2,26;9;28;17;11;0,11° 50.78214' E,47° 20.33201' N,605.8,13
262.13,831.5,26.35,43.25,950.43,73.45,2.25,4.3,26;9;28;17;12;0,11° 50.78261' E,47° 20.33326' N,604.0,13
263.13,829.0,26.35,43.26,950.44,73.49,1.9,3.95,26;9;28;17;13;0,11° 50.78384' E,47° 20.33625' N,609.2,13
264.13,828.0,26.35,43.26,950.45,73.39,2.1,3.85,26;9;28;17;14;0,11° 50.78369' E,47° 20.33713' N,612.1,13
265.13,828.0,26.35,43.25,950.45,73.42,1.9,4.25,26;9;28;17;14;51,11° 50.78346' E,47° 20.33561' N,612.9,13
266.13,825.5,26.34,43.24,950.45,73.55,2.15,3.6,26;9;28;17;15;51,11° 50.77779' E,47° 20.33564' N,601.9,13
267.13,823.5,26.34,43.23,950.45,73.52,1.7,3.6,26;9;28;17;16;51,11° 50.77351' E,47° 20.3374' N,593.3,13
268.13,819.0,26.34,43.24,950.46,73.61,2.45,4.5,26;9;28;17;18;0,11° 50.77594' E,47° 20.33651' N,598.4,13
269.13,817.0,26.33,43.22,950.46,73.67,2.45,4.3,26;9;28;17;18;51,11° 50.77735' E,47° 20.33562' N,606.8,13
270.13,814.5,26.33,43.21,950.45,73.89,1.95,4.6,26;9;28;17;19;51,11° 50.78044' E,47° 20.33473' N,611.0,13
271.13,814.0,26.32,43.21,950.46,73.85,1.9,3.45,26;9;28;17;20;51,11° 50.78195' E,47° 20.33497' N,613.5,13
272.13,813.0,26.32,43.22,950.46,74.04,2.2,4.25,26;9;28;17;21;51,11° 50.78163' E,47° 20.33532' N,612.4,13
273.13,809.5,26.31,43.22,950.48,73.79,2.25,4.0,26;9;28;17;23;0,11° 50.78233' E,47° 20.33577' N,608.8,13
274.13,809.0,26.31,43.22,950.49,73.79,2.35,4.15,26;9;28;17;24;0,11° 50.78103' E,47° 20.33689' N,604.3,13
275.13,808.0,26.3,43.21,950.49,73.98,1.9,3.75,26;9;28;17;25;0,11° 50.78112' E,47° 20.33686' N,606.4,13
276.13,805.5,26.29,43.21,950.5,74.23,2.3,3.7,26;9;28;17;26;0,11° 50.78211' E,47° 20.33646' N,612.6,13
277.13,805.0,26.29,43.2,950.52,74.23,1.95,4.1,26;9;28;17;27;0,11° 50.78278' E,47° 20.33631' N,616.8,13
278.13,804.0,26.29,43.18,950.54,74.29,2.35,4.0,26;9;28;17;27;51,11° 50.78322' E,47° 20.33512' N,620.2,13
279.13,804.0,26.28,43.15,950.55,74.23,2.0,3.7,26;9;28;17;28;51,11° 50.78397' E,47° 20.33466' N,616.0,13
280.13,802.0,26.27,43.14,950.57,74.32,2.2,4.05,26;9;28;17;29;51,11° 50.78441' E,47° 20.33618' N,605.8,13
281.13,801.0,26.26,43.15,950.57,74.42,2.45,4.25,26;9;28;17;30;51,11° 50.78461' E,47° 20.33459' N,607.0,13
282.13,801.5,26.26,43.14,950.57,74.45,2.1,3.9,26;9;28;17;32;0,11° 50.78448' E,47° 20.33403' N,611.7,13
283.13,800.0,26.25,43.14,950.58,74.64,1.8,3.6,26;9;28;17;32;51,11° 50.7837' E,47° 20.33341' N,608.7,13
284.13,789.0,26.24,43.09,950.6,75.18,2.15,5.45,26;9;28;17;33;51,11° 50.78544' E,47° 20.3347' N,614.7,13
285.13,773.0,26.23,43.07,950.6,75.4,2.15,4.3,26;9;28;17;35;0,11° 50.78677' E,47° 20.33719' N,622.9,13
286.13,770.0,26.22,43.07,950.6,75.27,2.75,4.4,26;9;28;17;35;51,11° 50.78495' E,47° 20.335' N,618.8,13
287.13,770.5,26.21,43.07,950.61,75.4,2.35,3.9,26;9;28;17;36;51,11° 50.78473' E,47° 20.3353' N,616.4,13
288.13,772.0,26.2,43.07,950.62,75.5,1.85,3.7,26;9;28;17;37;51,11° 50.78306' E,47° 20.33444' N,610.7,13
289.13,771.0,26.2,43.08,950.63,75.37,2.45,4.55,26;9;28;17;39;0,11° 50.78351' E,47° 20.33552' N,609.6,13
290.13,772.5,26.19,43.09,950.66,75.44,2.1,3.4,26;9;28;17;40;0,11° 50.78434' E,47° 20.33568' N,612.8,13
291.13,770.0,26.19,43.09,950.66,75.44,2.55,4.25,26;9;28;17;40;51,11° 50.78446' E,47° 20.33821' N,607.4,13
292.13,769.0,26.18,43.07,950.67,75.5,2.2,4.0,26;9;28;17;42;0,11° 50.78598' E,47° 20.33867' N,595.5,13
293.13,768.0,26.17,43.07,950.68,75.66,2.45,4.15,26;9;28;17;42;51,11° 50.78545' E,47° 20.33663' N,595.1,13
294.13,769.5,26.17,43.05,950.69,75.5,2.6,4.9,26;9;28;17;43;51,11° 50.78638' E,47° 20.33474' N,613.3,13
295.13,768.5,26.16,43.04,950.72,75.63,2.2,4.5,26;9;28;17;45;0,11° 50.78764' E,47° 20.33816' N,613.6,13
296.13,768.5,26.15,43.04,950.72,75.63,1.95,4.65,26;9;28;17;45;51,11° 50.786' E,47° 20.33699' N,613.8,13
297.13,765.0,26.14,43.05,950.75,75.69,2.45,4.2,26;9;28;17;46;51,11° 50.78511' E,47° 20.33636' N,615.9,13
298.13,764.0,26.14,43.01,950.74,75.92,2.65,4.85,26;9;28;17;47;51,11° 50.78442' E,47° 20.33529' N,615.2,13
299.13,759.5,26.13,43.01,950.76,75.89,2.1,4.1,26;9;28;17;49;0,11° 50.78526' E,47° 20.3332' N,618.1,13
300.13,755.0,26.12,43.0,950.77,76.02,1.95,4.25,26;9;28;17;50;0,11° 50.78496' E,47° 20.33361' N,619.2,13
301.13,756.5,26.11,43.01,950.77,76.15,2.0,3.95,26;9;28;17;51;0,11° 50.78394' E,47° 20.33444' N,615.75,13
302.13,755.0,26.1,43.0,950.77,76.25,2.55,4.4,26;9;28;17;52;0,11° 50.78462' E,47° 20.33433' N,617.4,13
303.13,755.0,26.09,42.99,950.78,76.15,2.3,4.25,26;9;28;17;52;51,11° 50.78435' E,47° 20.33521' N,621.0,13
304.13,753.0,26.08,42.98,950.79,76.25,2.45,4.1,26;9;28;17;53;51,11° 50.78413' E,47° 20.33628' N,625.4,13
305.13,752.0,26.07,42.97,950.8,76.52,1.95,3.85,26;9;28;17;55;0,11° 50.78275' E,47° 20.33672' N,625.3,13
306.13,750.0,26.06,42.95,950.83,76.45,2.45,4.3,26;9;28;17;56;0,11° 50.78337' E,47° 20.33654' N,626.2,13
307.13,748.5,26.05,42.95,950.85,76.55,2.1,3.85,26;9;28;17;57;0,11° 50.78362' E,47° 20.33605' N,624.1,13
308.13,748.0,26.05,42.93,950.85,76.65,2.2,4.15,26;9;28;17;58;0,11° 50.78424' E,47° 20.33529' N,620.5,13
309.13,745.5,26.03,42.92,950.85,76.75,2.5,4.25,26;9;28;17;59;0,11° 50.78381' E,47° 20.33474' N,615.3,13
310.13,740.5,26.02,42.92,950.85,76.88,2.1,4.15,26;9;28;18;0;0,11° 50.78304' E,47° 20.33408' N,613.9,13
311.13,741.0,26.01,42.93,950.85,76.88,2.2,4.35,26;9;28;18;0;51,11° 50.78366' E,47° 20.33415' N,616.5,13
312.13,738.5,26.0,42.92,950.86,76.98,2.05,3.75,26;9;28;18;2;0,11° 50.78463' E,47° 20.33383' N,616.6,13
313.13,736.0,25.99,42.91,950.88,77.02,1.75,4.5,26;9;28;18;3;0,11° 50.78603' E,47° 20.33455' N,615.5,13
314.13,736.0,25.99,42.91,950.88,76.95,2.75,4.1,26;9;28;18;4;0,11° 50.78529' E,47° 20.33492' N,614.3,13
315.13,735.0,25.98,42.91,950.89,77.19,2.05,3.85,26;9;28;18;5;0,11° 50.7851' E,47° 20.33524' N,618.0,13
316.13,730.0,25.96,42.89,950.89,77.25,2.55,4.25,26;9;28;18;5;51,11° 50.78459' E,47° 20.33537' N,610.1,13
317.13,732.0,25.95,42.88,950.89,77.49,2.05,4.4,26;9;28;18;7;0,11° 50.7822' E,47° 20.33525' N,608.5,13
318.13,730.0,25.93,42.87,950.89,77.49,2.4,3.95,26;9;28;18;7;51,11° 50.77978' E,47° 20.33472' N,610.6,13
319.13,729.5,25.92,42.88,950.89,77.59,2.25,3.95,26;9;28;18;9;0,11° 50.77967' E,47° 20.33481' N,608.2,13
320.13,728.0,25.91,42.87,950.9,77.63,2.45,4.2,26;9;28;18;10;0,11° 50.78022' E,47° 20.33461' N,603.1,13
321.13,728.0,25.9,42.87,950.91,77.63,2.6,3.95,26;9;28;18;10;51,11° 50.78159' E,47° 20.33493' N,605.5,13
322.13,725.5,25.89,42.87,950.91,77.83,2.75,4.4,26;9;28;18;12;0,11° 50.78337' E,47° 20.33578' N,612.5,13
323.13,723.5,25.88,42.86,950.92,77.7,2.2,3.55,26;9;28;18;13;0,11° 50.78318' E,47° 20.33539' N,615.6,13
324.13,721.5,25.87,42.86,950.92,77.94,2.15,4.2,26;9;28;18;14;0,11° 50.78432' E,47° 20.33546' N,617.2,13
325.13,719.0,25.86,42.86,950.94,77.94,1.95,4.05,26;9;28;18;14;51,11° 50.78648' E,47° 20.33624' N,611.5,13
326.13,716.0,25.85,42.84,950.94,78.07,2.0,3.65,26;9;28;18;16;0,11° 50.78695' E,47° 20.33629' N,609.7,13
327.13,714.0,25.84,42.83,950.94,78.28,2.1,4.1,26;9;28;18;17;0,11° 50.78608' E,47° 20.33533' N,610.3,13
328.13,711.0,25.83,42.82,950.95,78.35,2.4,4.3,26;9;28;18;17;51,11° 50.786' E,47° 20.33335' N,617.4,13
329.13,708.5,25.82,42.79,950.96,78.49,2.05,4.1,26;9;28;18;18;51,11° 50.7856' E,47° 20.33279' N,626.4,13
330.13,707.0,25.8,42.76,950.97,78.56,2.0,3.5,26;9;28;18;19;51,11° 50.78638' E,47° 20.33368' N,625.2,13
331.13,706.0,25.79,42.76,950.97,78.67,2.05,3.75,26;9;28;18;21;0,11° 50.78645' E,47° 20.33404' N,621.4,13
332.13,705.5,25.78,42.76,950.97,78.81,2.45,4.5,26;9;28;18;21;51,11° 50.78662' E,47° 20.33485' N,619.8,13
333.13,703.0,25.77,42.73,950.98,78.98,1.95,3.65,26;9;28;18;23;0,11° 50.78509' E,47° 20.33535' N,607.2,13
334.13,700.0,25.75,42.74,950.98,78.98,1.85,3.4,26;9;28;18;24;0,11° 50.78389' E,47° 20.33598' N,607.2,13
335.13,700.0,25.74,42.73,950.98,79.2,2.25,4.25,26;9;28;18;25;0,11° 50.78168' E,47° 20.33721' N,606.7,13
336.13,700.0,25.72,42.73,950.98,79.16,2.3,4.3,26;9;28;18;25;51,11° 50.78061' E,47° 20.33754' N,602.0,13
337.13,696.5,25.71,42.72,950.98,79.48,2.15,4.2,26;9;28;18;26;51,11° 50.78213' E,47° 20.33794' N,606.0,13
338.13,696.5,25.7,42.72,950.99,79.3,1.75,3.6,26;9;28;18;27;51,11° 50.78152' E,47° 20.33852' N,607.2,13
339.13,696.0,25.69,42.73,950.99,79.52,2.1,3.9,26;9;28;18;28;51,11° 50.78161' E,47° 20.33991' N,603.8,13
340.13,695.0,25.68,42.72,951.01,79.66,2.2,4.25,26;9;28;18;29;51,11° 50.78181' E,47° 20.33912' N,605.7,13
341.13,694.0,25.67,42.71,951.01,79.66,2.1,4.25,26;9;28;18;30;51,11° 50.78306' E,47° 20.33921' N,602.4,13
342.13,691.5,25.65,42.7,951.02,79.88,2.0,3.75,26;9;28;18;32;0,11° 50.78448' E,47° 20.33907' N,599.7,13
343.13,689.5,25.64,42.69,951.03,80.06,1.8,3.5,26;9;28;18;33;0,11° 50.78667' E,47° 20.33904' N,605.6,13
344.13,688.0,25.63,42.69,951.05,79.88,2.3,3.75,26;9;28;18;34;0,11° 50.78827' E,47° 20.33975' N,603.3,13
345.13,688.0,25.62,42.68,951.08,80.17,2.1,3.55,26;9;28;18;34;51,11° 50.78713' E,47° 20.3388' N,601.6,13
346.13,688.0,25.61,42.67,951.1,80.06,1.85,3.75,26;9;28;18;35;51,11° 50.78633' E,47° 20.33725' N,604.1,13
347.13,687.0,25.59,42.66,951.1,80.17,2.15,4.05,26;9;28;18;37;0,11° 50.78519' E,47° 20.33714' N,606.8,13
348.13,685.0,25.58,42.66,951.11,80.21,2.25,3.85,26;9;28;18;37;51,11° 50.78535' E,47° 20.33722' N,607.2,13
349.13,682.5,25.57,42.67,951.12,80.54,2.0,4.0,26;9;28;18;39;0,11° 50.78482' E,47° 20.33679' N,606.8,13
350.13,681.0,25.56,42.66,951.14,80.24,1.95,3.55,26;9;28;18;39;51,11° 50.78367' E,47° 20.33708' N,603.1,13
351.13,679.0,25.54,42.64,951.14,80.5,1.9,3.85,26;9;28;18;40;51,11° 50.78323' E,47° 20.33753' N,600.8,13
352.13,679.0,25.53,42.63,951.15,80.65,2.7,4.05,26;9;28;18;41;51,11° 50.7812' E,47° 20.33741' N,599.6,13
353.13,678.0,25.52,42.61,951.16,80.83,2.15,3.8,26;9;28;18;42;51,11° 50.7792' E,47° 20.33743' N,597.1,13
354.13,678.5,25.5,42.6,951.15,80.91,2.3,4.2,26;9;28;18;44;0,11° 50.77745' E,47° 20.33788' N,598.1,13
355.13,677.0,25.49,42.6,951.18,81.02,1.95,3.75,26;9;28;18;44;51,11° 50.77561' E,47° 20.33862' N,595.7,13
356.13,676.0,25.48,42.59,951.19,81.17,2.35,3.9,26;9;28;18;46;0,11° 50.77321' E,47° 20.33676' N,597.9,13
357.13,675.0,25.46,42.59,951.2,81.09,2.25,3.9,26;9;28;18;47;0,11° 50.77637' E,47° 20.33595' N,607.7,13
358.13,673.0,25.45,42.58,951.21,81.51,1.8,4.1,26;9;28;18;47;51,11° 50.77804' E,47° 20.33636' N,606.1,13
359.13,670.5,25.44,42.58,951.22,81.24,1.8,3.8,26;9;28;18;49;0,11° 50.77844' E,47° 20.33663' N,606.0,13
360.13,672.0,25.43,42.57,951.24,81.47,2.1,4.15,26;9;28;18;50;0,11° 50.77773' E,47° 20.33646' N,606.9,13
361.13,672.0,25.41,42.55,951.25,81.66,1.9,3.8,26;9;28;18;50;51,11° 50.77749' E,47° 20.33679' N,608.0,13
362.13,670.0,25.4,42.56,951.26,81.69,2.05,3.9,26;9;28;18;52;0,11° 50.77651' E,47° 20.33709' N,604.1,13
363.13,667.5,25.39,42.54,951.26,81.81,1.25,3.4,26;9;28;18;52;51,11° 50.77745' E,47° 20.33732' N,604.8,13
364.13,666.5,25.38,42.54,951.26,82.07,1.85,3.7,26;9;28;18;53;51,11° 50.77894' E,47° 20.33816' N,611.0,13
365.13,669.0,25.36,42.53,951.28,82.11,1.6,2.95,26;9;28;18;55;0,11° 50.77967' E,47° 20.33724' N,614.5,13
366.13,667.0,25.35,42.5,951.28,82.04,2.1,3.65,26;9;28;18;55;51,11° 50.77996' E,47° 20.33474' N,624.8,13
367.13,665.0,25.34,42.47,951.28,82.27,1.7,3.45,26;9;28;18;57;0,11° 50.78045' E,47° 20.33414' N,625.2,13
368.13,663.0,25.33,42.45,951.28,82.46,1.95,4.35,26;9;28;18;58;0,11° 50.78166' E,47° 20.3358' N,622.1,13
369.13,663.0,25.3,42.44,951.29,82.54,1.85,4.15,26;9;28;18;59;0,11° 50.78046' E,47° 20.33548' N,620.1,13
370.13,663.0,25.29,42.44,951.28,82.69,2.1,4.2,26;9;28;19;0;0,11° 50.78076' E,47° 20.3335' N,619.1,13
371.13,661.5,25.28,42.42,951.29,82.88,1.75,3.4,26;9;28;19;1;0,11° 50.78238' E,47° 20.33719' N,624.0,13
372.13,660.0,25.26,42.4,951.31,83.04,2.05,3.65,26;9;28;19;2;0,11° 50.78277' E,47° 20.33782' N,628.9,13
373.13,658.5,25.25,42.38,951.32,83.0,1.75,3.35,26;9;28;19;3;0,11° 50.78245' E,47° 20.33787' N,631.1,13
374.13,657.5,25.24,42.37,951.33,83.16,1.7,3.5,26;9;28;19;4;0,11° 50.78234' E,47° 20.33713' N,627.1,13
375.13,657.0,25.23,42.38,951.35,83.24,1.65,3.05,26;9;28;19;5;0,11° 50.78279' E,47° 20.33771' N,624.7,13
376.13,656.0,25.21,42.35,951.35,83.36,1.7,3.1,26;9;28;19;6;0,11° 50.78213' E,47° 20.33905' N,618.8,13
377.13,654.0,25.2,42.34,951.35,83.67,1.7,3.4,26;9;28;19;6;51,11° 50.78107' E,47° 20.33885' N,618.0,13
378.13,652.0,25.19,42.33,951.36,83.83,1.7,3.3,26;9;28;19;7;51,11° 50.78001' E,47° 20.33913' N,622.4,13
379.13,652.5,25.17,42.32,951.37,83.75,1.9,3.1,26;9;28;19;9;0,11° 50.77942' E,47° 20.33732' N,629.3,13
380.13,652.0,25.16,42.33,951.37,83.83,1.7,3.95,26;9;28;19;10;0,11° 50.78185' E,47° 20.3417' N,629.9,13
381.13,653.0,25.14,42.31,951.37,84.07,1.85,3.65,26;9;28;19;10;51,11° 50.78266' E,47° 20.34043' N,629.5,13
382.13,652.0,25.13,42.31,951.38,84.19,2.1,3.65,26;9;28;19;12;0,11° 50.7807' E,47° 20.33656' N,629.0,13
383.13,651.5,25.11,42.31,951.37,84.27,1.75,3.55,26;9;28;19;12;51,11° 50.77827' E,47° 20.3365' N,642.7,13
384.13,652.0,25.1,42.29,951.38,84.56,1.75,3.1,26;9;28;19;14;0,11° 50.78191' E,47° 20.34046' N,639.0,13
385.13,652.0,25.08,42.3,951.38,84.68,2.2,4.05,26;9;28;19;15;0,11° 50.78209' E,47° 20.34074' N,633.2,13
386.13,651.0,25.07,42.29,951.38,84.84,1.75,3.45,26;9;28;19;16;0,11° 50.78397' E,47° 20.34246' N,631.8,13
387.13,649.0,25.06,42.3,951.38,84.76,1.85,3.55,26;9;28;19;16;51,11° 50.78471' E,47° 20.34285' N,628.6,13
388.13,647.0,25.05,42.29,951.39,84.8,1.55,3.95,26;9;28;19;17;51,11° 50.7856' E,47° 20.34358' N,628.4,13
389.13,639.5,25.04,42.26,951.38,85.04,1.95,3.6,26;9;28;19;19;1,11° 50.78487' E,47° 20.33945' N,636.6,13
390.13,640.0,25.03,42.24,951.37,85.13,1.7,3.45,26;9;28;19;20;0,11° 50.78589' E,47° 20.34067' N,626.4,13
391.13,640.5,25.01,42.22,951.38,85.42,2.0,4.3,26;9;28;19;21;1,11° 50.78627' E,47° 20.34239' N,641.3,13
392.13,642.0,25.0,42.22,951.38,85.5,1.7,3.15,26;9;28;19;22;0,11° 50.78521' E,47° 20.34061' N,636.9,13
393.13,642.0,24.98,42.22,951.38,85.46,1.65,2.85,26;9;28;19;23;0,11° 50.78352' E,47° 20.33978' N,629.9,13
394.13,640.0,24.97,42.21,951.38,85.66,2.25,3.7,26;9;28;19;24;1,11° 50.78351' E,47° 20.3417' N,630.8,13
395.13,638.5,24.95,42.2,951.38,85.71,2.05,3.65,26;9;28;19;25;0,11° 50.78337' E,47° 20.34408' N,632.9,13
396.13,639.5,24.94,42.19,951.38,85.79,1.65,3.5,26;9;28;19;25;51,11° 50.78165' E,47° 20.34156' N,627.3,13
397.13,642.0,24.93,42.18,951.38,86.17,1.95,3.8,26;9;28;19;27;0,11° 50.78052' E,47° 20.33999' N,618.8,13
398.13,641.5,24.92,42.18,951.4,86.0,1.9,4.4,26;9;28;19;28;1,11° 50.78062' E,47° 20.33855' N,613.7,13
399.13,639.0,24.9,42.18,951.42,86.42,1.8,3.5,26;9;28;19;29;1,11° 50.78069' E,47° 20.3346' N,602.9,13
400.13,638.0,24.89,42.17,951.42,86.68,1.55,3.4,26;9;28;19;29;51,11° 50.78034' E,47° 20.33534' N,601.3,13
401.13,638.0,24.87,42.16,951.42,86.76,1.35,3.2,26;9;28;19;31;1,11° 50.78101' E,47° 20.33925' N,610.9,13
402.13,640.0,24.86,42.15,951.42,86.85,2.1,3.55,26;9;28;19;32;1,11° 50.78229' E,47° 20.343' N,621.8,13
403.13,639.0,24.85,42.15,951.42,87.15,1.9,3.35,26;9;28;19;32;51,11° 50.78294' E,47° 20.33865' N,621.7,13
404.13,638.5,24.83,42.15,951.42,87.15,1.5,3.3,26;9;28;19;33;51,11° 50.78174' E,47° 20.33393' N,606.1,13
405.13,638.0,24.82,42.14,951.43,87.15,1.85,3.2,26;9;28;19;35;1,11° 50.77966' E,47° 20.33387' N,596.4,13
406.13,636.0,24.8,42.14,951.43,87.49,1.8,3.2,26;9;28;19;36;1,11° 50.78032' E,47° 20.33509' N,594.9,13
407.13,631.5,24.78,42.14,951.43,87.45,1.7,3.35,26;9;28;19;37;1,11° 50.77832' E,47° 20.33773' N,600.0,13
408.13,629.0,24.77,42.14,951.44,87.58,1.8,3.25,26;9;28;19;38;1,11° 50.78001' E,47° 20.33731' N,603.9,13
409.13,629.0,24.76,42.14,951.44,87.54,1.35,3.0,26;9;28;19;39;1,11° 50.78058' E,47° 20.33688' N,605.8,13
410.13,628.0,24.75,42.13,951.46,87.62,2.3,3.85,26;9;28;19;40;1,11° 50.78047' E,47° 20.33656' N,604.5,13
411.13,627.0,24.73,42.13,951.46,87.75,1.55,3.5,26;9;28;19;41;1,11° 50.78024' E,47° 20.33577' N,607.1,13
412.13,628.0,24.71,42.12,951.46,87.89,2.3,3.4,26;9;28;19;42;0,11° 50.78075' E,47° 20.33531' N,603.9,13
413.13,628.0,24.7,42.11,951.47,88.02,1.8,3.4,26;9;28;19;43;1,11° 50.78063' E,47° 20.33694' N,598.0,13
414.13,629.0,24.69,42.12,951.48,88.06,1.7,3.35,26;9;28;19;44;1,11° 50.78078' E,47° 20.33767' N,594.0,13
415.13,628.5,24.67,42.12,951.47,88.28,2.2,3.65,26;9;28;19;44;51,11° 50.78102' E,47° 20.33866' N,581.5,13
416.13,626.0,24.65,42.11,951.47,88.33,1.85,3.6,26;9;28;19;46;1,11° 50.78023' E,47° 20.33562' N,590.0,13
417.13,627.0,24.64,42.11,951.46,88.33,1.65,3.7,26;9;28;19;47;1,11° 50.78084' E,47° 20.3334' N,597.8,13
418.13,624.0,24.62,42.11,951.47,88.37,1.7,3.2,26;9;28;19;47;51,11° 50.78096' E,47° 20.33237' N,604.5,13
419.13,626.5,24.61,42.11,951.47,88.42,1.8,3.2,26;9;28;19;49;0,11° 50.78268' E,47° 20.33252' N,605.9,13
420.13,625.5,24.6,42.1,951.47,88.59,1.95,3.65,26;9;28;19;50;1,11° 50.78311' E,47° 20.33361' N,608.5,13
421.13,624.5,24.58,42.1,951.47,88.64,1.55,3.05,26;9;28;19;51;1,11° 50.78354' E,47° 20.33472' N,615.7,13
422.13,622.0,24.57,42.1,951.47,88.73,1.8,3.2,26;9;28;19;52;1,11° 50.78255' E,47° 20.33575' N,620.5,13
423.13,622.0,24.55,42.09,951.48,88.95,2.15,3.85,26;9;28;19;53;1,11° 50.78205' E,47° 20.33711' N,614.5,13
424.13,621.0,24.54,42.1,951.48,89.04,1.7,4.0,26;9;28;19;54;1,11° 50.77839' E,47° 20.33827' N,606.1,13
425.13,620.5,24.52,42.08,951.49,89.13,1.85,3.8,26;9;28;19;54;51,11° 50.77747' E,47° 20.33956' N,601.1,13
426.13,619.0,24.51,42.08,951.5,89.27,1.6,3.8,26;9;28;19;55;51,11° 50.77897' E,47° 20.33888' N,601.2,13
427.13,618.0,24.49,42.08,951.5,89.22,1.8,3.6,26;9;28;19;57;1,11° 50.78058' E,47° 20.33775' N,607.1,13
428.13,618.5,24.48,42.08,951.51,89.36,1.95,3.75,26;9;28;19;57;51,11° 50.78092' E,47° 20.337' N,610.3,13
429.13,617.0,24.46,42.07,951.51,89.49,1.95,3.65,26;9;28;19;59;1,11° 50.7738' E,47° 20.33866' N,611.7,13
430.13,616.0,24.45,42.06,951.52,89.63,1.75,3.65,26;9;28;19;59;51,11° 50.77582' E,47° 20.3374' N,609.0,13
431.13,616.0,24.43,42.06,951.54,89.67,2.15,3.75,26;9;28;20;0;51,11° 50.77681' E,47° 20.33638' N,601.7,13
432.13,616.5,24.42,42.05,951.54,89.9,1.9,3.35,26;9;28;20;1;51,11° 50.77721' E,47° 20.33801' N,601.5,13
433.13,616.5,24.41,42.05,951.55,89.77,1.65,3.2,26;9;28;20;3;1,11° 50.77929' E,47° 20.33518' N,610.1,13
434.13,616.0,24.39,42.05,951.55,89.77,1.55,2.85,26;9;28;20;4;1,11° 50.77955' E,47° 20.33321' N,622.7,13
435.13,615.5,24.38,42.05,951.56,90.0,2.35,4.5,26;9;28;20;4;51,11° 50.778' E,47° 20.33199' N,623.8,13
436.13,612.0,24.37,42.04,951.57,90.13,1.7,3.8,26;9;28;20;5;51,11° 50.77889' E,47° 20.33367' N,618.8,13
437.13,613.5,24.35,42.03,951.56,90.32,2.0,4.3,26;9;28;20;6;51,11° 50.78076' E,47° 20.33539' N,614.2,13
438.13,611.5,24.34,42.02,951.56,90.27,1.75,3.8,26;9;28;20;8;0,11° 50.78243' E,47° 20.33698' N,613.9,13
439.13,611.0,24.32,42.02,951.57,90.41,1.5,3.35,26;9;28;20;8;51,11° 50.78357' E,47° 20.33685' N,614.1,13
440.13,612.0,24.3,42.02,951.57,90.78,2.0,3.15,26;9;28;20;10;1,11° 50.78353' E,47° 20.3345' N,617.1,13
441.13,610.5,24.29,42.03,951.57,90.78,1.9,3.35,26;9;28;20;11;1,11° 50.78322' E,47° 20.33462' N,617.8,13
442.13,610.0,24.27,42.04,951.57,90.92,1.7,3.65,26;9;28;20;11;51,11° 50.78282' E,47° 20.33507' N,616.8,13
443.13,611.0,24.26,42.03,951.58,91.02,1.35,3.15,26;9;28;20;13;0,11° 50.78318' E,47° 20.3349' N,616.7,13
444.13,609.5,24.25,42.02,951.58,91.06,1.85,3.3,26;9;28;20;14;1,11° 50.78316' E,47° 20.33453' N,615.4,13
445.13,610.0,24.24,42.02,951.59,91.21,1.8,3.75,26;9;28;20;14;51,11° 50.78238' E,47° 20.33395' N,610.0,13
446.13,609.5,24.22,42.01,951.61,91.54,1.7,3.2,26;9;28;20;16;1,11° 50.7823' E,47° 20.33178' N,607.6,13
447.13,609.0,24.21,42.01,951.62,91.44,1.55,3.0,26;9;28;20;16;51,11° 50.78104' E,47° 20.33003' N,604.0,13
448.13,609.0,24.19,42.0,951.61,91.44,1.95,3.25,26;9;28;20;18;1,11° 50.78107' E,47° 20.3317' N,595.9,13
449.13,610.0,24.18,42.0,951.61,91.78,1.8,3.45,26;9;28;20;18;51,11° 50.77935' E,47° 20.33016' N,590.7,13
450.13,608.5,24.17,42.0,951.61,91.73,1.4,3.25,26;9;28;20;20;1,11° 50.78018' E,47° 20.32934' N,589.7,13
451.13,607.0,24.15,42.0,951.61,92.02,1.55,3.2,26;9;28;20;20;51,11° 50.77937' E,47° 20.32872' N,599.4,13
452.13,606.5,24.14,42.0,951.62,91.92,1.8,3.0,26;9;28;20;22;1,11° 50.78052' E,47° 20.33177' N,609.1,13
453.13,608.5,24.12,41.99,951.62,92.26,1.65,3.25,26;9;28;20;23;1,11° 50.78032' E,47° 20.33355' N,611.2,13
454.13,607.0,24.11,41.99,951.63,92.21,1.7,3.3,26;9;28;20;24;1,11° 50.78078' E,47° 20.33419' N,615.0,13
455.13,606.0,24.09,41.98,951.64,92.26,1.55,3.25,26;9;28;20;25;0,11° 50.78024' E,47° 20.33378' N,621.3,13
456.13,603.0,24.08,41.97,951.65,92.21,1.7,3.4,26;9;28;20;26;1,11° 50.77897' E,47° 20.33292' N,617.7,13
457.13,603.5,24.07,41.98,951.65,92.5,1.4,3.1,26;9;28;20;27;1,11° 50.77807' E,47° 20.33325' N,604.7,13
458.13,604.0,24.05,41.98,951.66,92.64,2.1,3.7,26;9;28;20;28;0,11° 50.77805' E,47° 20.33435' N,600.1,13
459.13,603.0,24.03,41.98,951.66,92.6,1.65,3.3,26;9;28;20;29;1,11° 50.77992' E,47° 20.33346' N,606.2,13
460.13,604.5,24.01,41.98,951.65,92.6,1.7,3.05,26;9;28;20;30;1,11° 50.78185' E,47° 20.33127' N,614.2,13
461.13,605.0,24.0,41.98,951.65,92.89,1.8,3.6,26;9;28;20;31;1,11° 50.78129' E,47° 20.32958' N,613.0,13
462.13,604.0,23.98,41.97,951.65,95.79,1.8,4.0,26;9;28;20;32;1,11° 50.78174' E,47° 20.32931' N,614.0,13
463.13,601.5,23.97,41.97,951.64,93.18,1.4,3.1,26;9;28;20;32;51,11° 50.78147' E,47° 20.32946' N,607.6,13
464.13,601.0,23.96,41.97,951.64,94.59,1.8,3.3,26;9;28;20;34;1,11° 50.7814' E,47° 20.33024' N,603.6,13
465.13,603.5,23.94,41.97,951.65,95.94,1.75,3.25,26;9;28;20;35;1,11° 50.77975' E,47° 20.33031' N,597.4,13
466.13,602.0,23.93,41.97,951.66,95.97,1.8,3.55,26;9;28;20;35;51,11° 50.77838' E,47° 20.32971' N,577.9,13
467.13,597.5,23.91,41.97,951.66,93.28,2.2,3.65,26;9;28;20;37;1,11° 50.77928' E,47° 20.33055' N,581.9,13
468.13,596.0,23.9,41.97,951.67,96.36,1.55,4.1,26;9;28;20;38;1,11° 50.78043' E,47° 20.33087' N,584.1,13
469.13,599.0,23.88,41.97,951.66,96.36,1.9,3.45,26;9;28;20;38;51,11° 50.78122' E,47° 20.32942' N,583.3,13
470.13,600.0,23.87,41.96,951.67,96.39,1.8,3.35,26;9;28;20;40;1,11° 50.78091' E,47° 20.32867' N,579.2,13
471.13,599.0,23.86,41.96,951.67,96.58,1.65,3.25,26;9;28;20;41;1,11° 50.7822' E,47° 20.32977' N,583.1,13
472.13,598.5,23.84,41.96,951.67,96.26,1.3,3.3,26;9;28;20;42;1,11° 50.78043' E,47° 20.32966' N,576.0,13
473.13,597.0,23.82,41.96,951.66,97.0,2.1,3.5,26;9;28;20;42;51,11° 50.78242' E,47° 20.33214' N,578.9,13
474.13,598.0,23.81,41.96,951.67,96.73,2.15,3.55,26;9;28;20;44;1,11° 50.78235' E,47° 20.3334' N,588.0,13
475.13,597.0,23.79,41.95,951.66,96.87,1.55,3.75,26;9;28;20;45;1,11° 50.78327' E,47° 20.33453' N,593.7,13
476.13,596.5,23.78,41.95,951.67,96.87,1.6,2.95,26;9;28;20;46;1,11° 50.78271' E,47° 20.33501' N,596.8,13
477.13,597.5,23.76,41.95,951.68,96.68,1.65,3.25,26;9;28;20;47;1,11° 50.78244' E,47° 20.33521' N,597.3,13
478.13,596.0,23.75,41.95,951.7,96.89,1.55,3.1,26;9;28;20;48;1,11° 50.78205' E,47° 20.33519' N,596.6,13
479.13,596.0,23.73,41.95,951.7,97.24,1.45,3.0,26;9;28;20;49;1,11° 50.7825' E,47° 20.33429' N,599.2,13
480.13,595.0,23.72,41.94,951.71,97.21,1.5,3.05,26;9;28;20;50;1,11° 50.78423' E,47° 20.3357' N,606.7,13
481.13,594.0,23.7,41.95,951.71,97.48,1.7,3.5,26;9;28;20;50;51,11° 50.78525' E,47° 20.33571' N,617.1,13
482.13,594.0,23.69,41.95,951.71,97.54,1.6,3.1,26;9;28;20;52;1,11° 50.78353' E,47° 20.33436' N,611.9,13
483.13,591.5,23.68,41.95,951.7,97.27,1.9,3.55,26;9;28;20;53;1,11° 50.78373' E,47° 20.33528' N,609.7,13
484.13,590.0,23.66,41.95,951.72,97.38,1.65,2.9,26;9;28;20;54;1,11° 50.78314' E,47° 20.33601' N,609.3,13
485.13,591.0,23.65,41.95,951.74,97.75,1.55,3.25,26;9;28;20;55;1,11° 50.78239' E,47° 20.33547' N,607.4,13
486.13,592.5,23.64,41.95,951.76,97.59,1.7,2.9,26;9;28;20;56;1,11° 50.78127' E,47° 20.33504' N,605.2,13
487.13,592.0,23.62,41.95,951.77,97.46,1.5,3.15,26;9;28;20;57;1,11° 50.78161' E,47° 20.33464' N,608.4,13
488.13,591.0,23.61,41.94,951.77,98.08,1.75,3.5,26;9;28;20;58;1,11° 50.78046' E,47° 20.33453' N,603.7,13
489.13,592.0,23.59,41.94,951.77,97.78,1.65,3.35,26;9;28;20;59;1,11° 50.78279' E,47° 20.33606' N,606.1,13
490.13,591.0,23.58,41.95,951.77,97.97,1.6,3.3,26;9;28;21;0;1,11° 50.78747' E,47° 20.33934' N,627.6,13
491.13,591.0,23.56,41.94,951.79,98.08,1.75,3.25,26;9;28;21;1;1,11° 50.78912' E,47° 20.33934' N,637.9,13
492.13,591.0,23.55,41.95,951.79,98.19,1.5,2.85,26;9;28;21;2;1,11° 50.78806' E,47° 20.3377' N,633.3,13
493.13,591.0,23.54,41.94,951.8,98.38,1.15,2.75,26;9;28;21;3;1,11° 50.78777' E,47° 20.33663' N,621.4,13
494.13,590.0,23.52,41.93,951.81,98.44,1.8,3.2,26;9;28;21;4;1,11° 50.78794' E,47° 20.337' N,621.1,13
495.13,588.0,23.51,41.94,951.82,98.35,1.6,3.35,26;9;28;21;5;1,11° 50.78916' E,47° 20.33741' N,621.0,13
496.13,587.0,23.49,41.94,951.82,98.68,1.85,3.3,26;9;28;21;6;1,11° 50.78935' E,47° 20.33638' N,620.5,13
497.13,585.5,23.48,41.94,951.84,98.96,1.9,3.35,26;9;28;21;7;1,11° 50.78834' E,47° 20.3343' N,619.7,13
498.13,586.0,23.46,41.95,951.84,99.07,2.05,3.3,26;9;28;21;8;1,11° 50.78887' E,47° 20.33429' N,617.2,13
499.13,586.0,23.45,41.95,951.85,99.13,1.7,3.15,26;9;28;21;8;51,11° 50.79144' E,47° 20.33575' N,633.5,13
500.13,586.0,23.44,41.94,951.86,99.1,1.75,3.7,26;9;28;21;10;1,11° 50.79404' E,47° 20.33215' N,637.7,13
501.13,586.0,23.42,41.94,951.87,99.24,1.4,2.95,26;9;28;21;11;1,11° 50.79422' E,47° 20.33442' N,637.3,13
502.13,587.0,23.41,41.94,951.88,99.44,1.7,3.1,26;9;28;21;12;1,11° 50.794' E,47° 20.33757' N,638.1,13
503.13,585.5,23.4,41.95,951.89,99.46,1.6,3.2,26;9;28;21;13;1,11° 50.7901' E,47° 20.34194' N,635.4,13
504.13,585.0,23.38,41.93,951.89,99.6,1.7,3.25,26;9;28;21;13;51,11° 50.79306' E,47° 20.34239' N,650.8,13
505.13,584.0,23.36,41.94,951.89,99.92,1.5,3.0,26;9;28;21;15;1,11° 50.78394' E,47° 20.33831' N,632.9,13
506.13,583.5,23.34,41.94,951.91,100.06,1.7,3.45,26;9;28;21;16;1,11° 50.78311' E,47° 20.33715' N,617.0,13
507.13,584.0,23.33,41.94,951.9,100.03,1.45,3.1,26;9;28;21;17;1,11° 50.78577' E,47° 20.3385' N,622.2,13
508.13,584.0,23.32,41.94,951.9,100.2,1.3,2.8,26;9;28;21;17;51,11° 50.78713' E,47° 20.33871' N,619.5,13
509.13,585.0,23.3,41.94,951.91,100.28,1.75,3.5,26;9;28;21;19;1,11° 50.78653' E,47° 20.33751' N,617.6,13
510.13,584.0,23.29,41.94,951.92,100.43,1.45,3.15,26;9;28;21;20;1,11° 50.7881' E,47° 20.33821' N,622.3,13
511.13,582.5,23.27,41.94,951.93,100.57,1.7,3.05,26;9;28;21;21;1,11° 50.78801' E,47° 20.3386' N,627.3,13
512.13,584.0,23.26,41.94,951.93,100.6,1.85,3.1,26;9;28;21;22;1,11° 50.78691' E,47° 20.33829' N,626.3,13
513.13,584.0,23.24,41.95,951.95,100.77,1.35,2.9,26;9;28;21;23;1,11° 50.78464' E,47° 20.33756' N,619.7,13
514.13,583.0,23.23,41.94,951.96,100.95,1.35,2.5,26;9;28;21;24;1,11° 50.78254' E,47° 20.33795' N,607.8,13
515.13,581.5,23.21,41.94,951.96,101.15,1.8,2.95,26;9;28;21;25;1,11° 50.78242' E,47° 20.33851' N,596.5,13
516.13,582.0,23.2,41.94,951.96,101.21,1.7,2.8,26;9;28;21;26;1,11° 50.78284' E,47° 20.33794' N,599.5,13
517.13,581.5,23.18,41.93,951.96,101.41,1.65,3.15,26;9;28;21;27;1,11° 50.7825' E,47° 20.33596' N,608.5,13
518.13,581.0,23.17,41.94,951.96,101.64,1.25,2.65,26;9;28;21;28;1,11° 50.78462' E,47° 20.33575' N,620.1,13
519.13,581.5,23.15,41.94,951.98,101.5,1.8,3.0,26;9;28;21;29;1,11° 50.78462' E,47° 20.33551' N,621.9,13
520.13,581.0,23.14,41.95,951.99,101.67,1.55,3.2,26;9;28;21;30;1,11° 50.7837' E,47° 20.33517' N,622.1,13
521.13,581.0,23.12,41.95,951.99,101.85,1.75,3.3,26;9;28;21;31;1,11° 50.78379' E,47° 20.33473' N,623.0,13
522.13,580.0,23.11,41.95,952.01,101.91,1.75,3.25,26;9;28;21;32;1,11° 50.78637' E,47° 20.33555' N,626.3,13
523.13,578.0,23.1,41.95,952.02,102.03,1.8,3.2,26;9;28;21;33;1,11° 50.78721' E,47° 20.33535' N,625.5,13
524.13,577.0,23.08,41.95,952.03,102.0,1.6,3.2,26;9;28;21;34;1,11° 50.78709' E,47° 20.33475' N,626.2,13
525.13,577.0,23.07,41.95,952.02,102.14,1.5,2.7,26;9;28;21;35;1,11° 50.78785' E,47° 20.3349' N,625.5,13
526.13,575.0,23.05,41.95,952.02,102.12,1.35,3.25,26;9;28;21;36;1,11° 50.78844' E,47° 20.33472' N,629.0,13
527.13,574.0,23.04,41.95,952.02,102.47,1.75,3.15,26;9;28;21;37;1,11° 50.78935' E,47° 20.33423' N,630.2,13
528.13,574.5,23.03,41.95,952.03,102.26,1.7,3.15,26;9;28;21;38;1,11° 50.7907' E,47° 20.33409' N,630.2,13
529.13,574.0,23.02,41.95,952.02,102.71,1.45,3.35,26;9;28;21;39;1,11° 50.79064' E,47° 20.33382' N,629.15,13
530.13,574.0,23.0,41.95,952.03,102.26,1.55,3.4,26;9;28;21;40;1,11° 50.79007' E,47° 20.33336' N,627.5,13
531.13,572.0,22.98,41.95,952.03,102.53,1.65,3.6,26;9;28;21;41;1,11° 50.78835' E,47° 20.33436' N,628.1,13
532.13,576.0,22.97,41.95,952.03,102.95,1.55,3.1,26;9;28;21;42;1,11° 50.78495' E,47° 20.33552' N,613.8,13
533.13,576.0,22.96,41.95,952.03,102.95,1.55,2.95,26;9;28;21;43;1,11° 50.78402' E,47° 20.33686' N,612.4,13
534.13,574.0,22.95,41.95,952.02,103.1,1.7,3.55,26;9;28;21;44;1,11° 50.78291' E,47° 20.33843' N,610.4,13
535.13,572.5,22.94,41.95,952.02,103.01,1.5,2.95,26;9;28;21;45;1,11° 50.78395' E,47° 20.33582' N,609.9,13
536.13,571.0,22.92,41.94,952.01,103.31,1.75,3.25,26;9;28;21;46;1,11° 50.78407' E,47° 20.33525' N,613.9,13
537.13,573.0,22.91,41.95,952.01,103.46,1.85,3.0,26;9;28;21;47;1,11° 50.78453' E,47° 20.33481' N,611.6,13
538.13,575.0,22.89,41.95,951.99,103.59,1.3,3.45,26;9;28;21;48;1,11° 50.78424' E,47° 20.3337' N,618.2,13
539.13,575.5,22.88,41.95,951.99,103.58,1.7,3.1,26;9;28;21;49;1,11° 50.78388' E,47° 20.33365' N,616.3,13
540.13,572.0,22.86,41.95,952.0,103.59,1.65,2.65,26;9;28;21;50;1,11° 50.78344' E,47° 20.33436' N,615.2,13
541.13,571.5,22.85,41.96,952.0,103.83,1.6,3.05,26;9;28;21;51;1,11° 50.7851' E,47° 20.33442' N,620.0,13
542.13,571.5,22.83,41.95,951.99,103.55,1.65,2.7,26;9;28;21;52;1,11° 50.78545' E,47° 20.33394' N,619.0,13
543.13,573.5,22.82,41.96,952.0,104.2,1.05,2.2,26;9;28;21;53;1,11° 50.78536' E,47° 20.33563' N,613.7,13
544.13,574.5,22.8,41.97,952.02,103.95,1.7,2.65,26;9;28;21;54;1,11° 50.7837' E,47° 20.33537' N,610.7,13
545.13,573.0,22.79,41.96,952.01,103.92,1.5,3.45,26;9;28;21;55;1,11° 50.78353' E,47° 20.33668' N,608.1,13
546.13,572.0,22.77,41.97,952.03,104.26,1.6,3.3,26;9;28;21;56;1,11° 50.78347' E,47° 20.33733' N,607.1,13
547.13,570.5,22.76,41.97,952.04,104.6,1.7,3.3,26;9;28;21;57;1,11° 50.78419' E,47° 20.33807' N,605.9,13
548.13,567.5,22.75,41.97,952.05,104.38,1.55,3.2,26;9;28;21;58;1,11° 50.78447' E,47° 20.33843' N,605.0,13
549.13,566.0,22.73,41.97,952.05,104.57,1.7,3.85,26;9;28;21;59;1,11° 50.78433' E,47° 20.33697' N,605.4,13
550.13,566.0,22.71,41.97,952.07,104.54,1.6,3.1,26;9;28;22;0;1,11° 50.7833' E,47° 20.33531' N,606.8,13
551.13,564.5,22.7,41.97,952.06,104.69,1.2,2.5,26;9;28;22;1;1,11° 50.78965' E,47° 20.33622' N,599.9,13
552.13,566.0,22.68,41.97,952.06,104.79,1.55,3.15,26;9;28;22;2;1,11° 50.7898' E,47° 20.33642' N,597.1,13
553.13,565.0,22.66,41.96,952.05,105.19,1.4,3.3,26;9;28;22;3;1,11° 50.78566' E,47° 20.3355' N,608.6,13
554.13,564.5,22.65,41.96,952.06,105.07,1.4,3.05,26;9;28;22;4;1,11° 50.78163' E,47° 20.33548' N,606.9,13
555.13,564.0,22.64,41.97,952.06,105.13,1.5,2.95,26;9;28;22;5;1,11° 50.7817' E,47° 20.33618' N,608.6,13
556.13,565.0,22.62,41.97,952.06,105.73,1.6,3.85,26;9;28;22;6;1,11° 50.78091' E,47° 20.34075' N,603.6,13
557.13,565.0,22.61,41.98,952.06,105.44,1.6,3.5,26;9;28;22;7;1,11° 50.78153' E,47° 20.34133' N,597.0,13
558.13,565.0,22.59,41.97,952.06,105.57,1.4,2.9,26;9;28;22;8;1,11° 50.77885' E,47° 20.3402' N,594.8,13
559.13,564.0,22.58,41.98,952.05,105.76,1.6,2.8,26;9;28;22;9;1,11° 50.77631' E,47° 20.33797' N,589.3,13
560.13,563.0,22.56,41.98,952.05,105.98,1.55,3.4,26;9;28;22;10;1,11° 50.77826' E,47° 20.34007' N,579.3,13
561.13,565.5,22.54,41.99,952.04,106.05,2.1,3.55,26;9;28;22;11;1,11° 50.77806' E,47° 20.34164' N,569.9,13
562.13,564.5,22.53,41.98,952.05,105.92,2.2,3.25,26;9;28;22;12;1,11° 50.77847' E,47° 20.34324' N,565.1,13
563.13,563.0,22.51,41.99,952.05,106.14,1.95,3.05,26;9;28;22;13;1,11° 50.77939' E,47° 20.34238' N,571.7,13
564.13,564.5,22.5,42.0,952.04,106.43,2.15,3.7,26;9;28;22;14;1,11° 50.78129' E,47° 20.34028' N,590.8,13
565.13,565.0,22.48,42.0,952.04,106.5,2.05,3.45,26;9;28;22;15;1,11° 50.78306' E,47° 20.33915' N,604.0,13
566.13,565.0,22.47,42.0,952.05,106.5,2.65,3.9,26;9;28;22;16;1,11° 50.78473' E,47° 20.3389' N,613.3,13
567.13,567.0,22.46,42.0,952.04,106.59,2.7,4.05,26;9;28;22;17;1,11° 50.78419' E,47° 20.33866' N,612.0,13
568.13,569.5,22.45,42.01,952.04,106.53,2.9,4.35,26;9;28;22;18;1,11° 50.78444' E,47° 20.33925' N,608.7,13
569.13,568.0,22.43,42.01,952.04,106.62,4.2,4.65,26;9;28;22;19;1,11° 50.78549' E,47° 20.34077' N,600.4,13
570.13,565.5,22.41,42.01,952.05,106.75,4.2,4.7,26;9;28;22;20;1,11° 50.78842' E,47° 20.34221' N,597.3,13
571.13,567.0,22.4,42.01,952.06,107.08,5.0,5.8,26;9;28;22;21;1,11° 50.79104' E,47° 20.34301' N,605.0,13
572.13,568.0,22.38,42.02,952.07,107.01,5.45,6.1,26;9;28;22;22;1,11° 50.78839' E,47° 20.33991' N,614.9,13
573.13,568.0,22.37,42.02,952.07,107.08,6.35,6.95,26;9;28;22;23;1,11° 50.78328' E,47° 20.33781' N,612.4,13
574.13,563.5,22.36,42.02,952.08,107.24,7.25,7.9,26;9;28;22;24;1,11° 50.78325' E,47° 20.33861' N,606.7,13
575.13,564.5,22.34,42.02,952.09,107.18,8.1,8.95,26;9;28;22;25;1,11° 50.78221' E,47° 20.33719' N,607.9,13
576.13,565.5,22.33,42.02,952.1,107.34,7.9,8.6,26;9;28;22;26;1,11° 50.78485' E,47° 20.33639' N,624.2,13
577.13,567.0,22.32,42.02,952.11,107.34,8.8,9.6,26;9;28;22;27;1,11° 50.78244' E,47° 20.33556' N,620.1,13
578.13,568.0,22.3,42.03,952.12,107.63,9.85,10.65,26;9;28;22;28;1,11° 50.78397' E,47° 20.33507' N,622.3,13
579.13,568.0,22.29,42.03,952.13,107.57,10.65,11.55,26;9;28;22;29;1,11° 50.78695' E,47° 20.33517' N,630.9,13
580.13,566.5,22.27,42.04,952.13,107.7,11.0,11.9,26;9;28;22;30;1,11° 50.78756' E,47° 20.33508' N,631.4,13
581.13,566.0,22.26,42.04,952.13,107.9,11.1,12.0,26;9;28;22;31;1,11° 50.78656' E,47° 20.33679' N,619.9,13
582.13,565.5,22.24,42.04,952.13,108.13,12.4,13.55,26;9;28;22;32;1,11° 50.78513' E,47° 20.33308' N,633.7,13
583.13,564.5,22.23,42.04,952.14,108.0,12.35,13.4,26;9;28;22;33;1,11° 50.78368' E,47° 20.33328' N,637.4,13
584.13,562.0,22.21,42.04,952.14,108.1,13.55,14.65,26;9;28;22;34;1,11° 50.78426' E,47° 20.33405' N,634.1,13
585.13,561.0,22.2,42.04,952.13,108.26,14.05,15.15,26;9;28;22;35;1,11° 50.78506' E,47° 20.33469' N,633.8,13
586.13,560.0,22.18,42.05,952.14,108.4,16.85,18.2,26;9;28;22;36;1,11° 50.78539' E,47° 20.33498' N,634.5,13
587.13,561.0,22.17,42.05,952.15,108.5,16.4,17.7,26;9;28;22;37;1,11° 50.78496' E,47° 20.33466' N,634.9,13
588.13,561.5,22.15,42.05,952.16,108.46,16.4,17.7,26;9;28;22;38;1,11° 50.78441' E,47° 20.33459' N,638.3,13
589.13,563.0,22.14,42.05,952.15,108.46,16.1,17.35,26;9;28;22;39;1,11° 50.78261' E,47° 20.33366' N,635.3,13
590.13,563.5,22.13,42.05,952.15,108.7,17.35,18.8,26;9;28;22;40;1,11° 50.78242' E,47° 20.33238' N,635.9,13
591.13,563.0,22.11,42.05,952.14,108.73,18.95,20.45,26;9;28;22;41;1,11° 50.78466' E,47° 20.33325' N,637.3,13
592.13,564.0,22.1,42.05,952.15,108.66,19.5,21.05,26;9;28;22;42;1,11° 50.78731' E,47° 20.33301' N,639.6,13
593.13,563.0,22.08,42.05,952.14,108.96,20.55,22.15,26;9;28;22;43;1,11° 50.78774' E,47° 20.33368' N,641.1,13
594.13,563.0,22.06,42.05,952.14,109.1,20.3,21.95,26;9;28;22;44;1,11° 50.78754' E,47° 20.33458' N,633.65,13
595.13,563.0,22.05,42.06,952.13,109.07,21.25,22.9,26;9;28;22;45;1,11° 50.78676' E,47° 20.33525' N,626.7,13
596.13,565.5,22.03,42.06,952.13,109.2,22.1,23.85,26;9;28;22;46;1,11° 50.78591' E,47° 20.33528' N,622.0,13
597.13,566.0,22.02,42.06,952.14,109.3,21.75,23.5,26;9;28;22;47;1,11° 50.78681' E,47° 20.33475' N,618.2,13
598.13,566.0,22.0,42.06,952.13,109.4,24.9,26.9,26;9;28;22;48;1,11° 50.78599' E,47° 20.33433' N,616.6,13
599.13,568.0,21.99,42.07,952.14,109.37,26.15,28.15,26;9;28;22;49;1,11° 50.7851' E,47° 20.33407' N,612.3,13
600.13,567.0,21.97,42.06,952.14,109.54,28.55,30.7,26;9;28;22;50;1,11° 50.78594' E,47° 20.33483' N,612.3,13
601.13,565.5,21.96,42.07,952.15,109.37,29.05,31.25,26;9;28;22;51;1,11° 50.78518' E,47° 20.33481' N,613.9,13
602.13,562.5,21.94,42.08,952.14,109.57,30.7,33.0,26;9;28;22;52;1,11° 50.78489' E,47° 20.33479' N,613.7,13
603.13,561.0,21.93,42.09,952.15,109.61,33.15,35.6,26;9;28;22;53;1,11° 50.78561' E,47° 20.33319' N,621.8,13
604.13,560.0,21.91,42.08,952.15,109.88,38.6,41.3,26;9;28;22;54;1,11° 50.78641' E,47° 20.33374' N,624.8,13
605.13,559.0,21.89,42.09,952.14,109.68,42.3,45.3,26;9;28;22;55;1,11° 50.78884' E,47° 20.33647' N,621.7,13
606.13,557.5,21.88,42.1,952.15,109.88,46.4,49.6,26;9;28;22;56;1,11° 50.78925' E,47° 20.33668' N,621.0,13
607.13,559.5,21.86,42.09,952.15,110.09,51.6,55.1,26;9;28;22;57;1,11° 50.78564' E,47° 20.33571' N,619.0,13
608.13,562.0,21.85,42.1,952.15,110.26,51.5,54.95,26;9;28;22;58;1,11° 50.7838' E,47° 20.33447' N,616.8,13
609.13,562.0,21.83,42.11,952.16,110.09,58.75,62.6,26;9;28;22;59;1,11° 50.78289' E,47° 20.33307' N,617.6,13
610.13,562.0,21.82,42.1,952.16,110.26,64.65,68.8,26;9;28;23;0;1,11° 50.78251' E,47° 20.33325' N,613.2,13
611.13,562.5,21.8,42.11,952.17,110.43,69.7,74.25,26;9;28;23;1;1,11° 50.78176' E,47° 20.3342' N,610.1,13
612.13,561.0,21.79,42.12,952.17,110.43,75.2,80.05,26;9;28;23;2;1,11° 50.78173' E,47° 20.33502' N,608.5,13
613.13,561.0,21.78,42.13,952.18,110.4,80.55,85.75,26;9;28;23;3;1,11° 50.7832' E,47° 20.33571' N,607.85,13
614.13,563.0,21.76,42.14,952.18,110.74,84.1,89.5,26;9;28;23;4;1,11° 50.78487' E,47° 20.33586' N,611.3,13
615.13,562.0,21.75,42.13,952.18,110.78,87.9,93.55,26;9;28;23;5;1,11° 50.78364' E,47° 20.3363' N,612.0,13
616.13,560.0,21.73,42.14,952.19,110.78,93.2,99.1,26;9;28;23;6;1,11° 50.78259' E,47° 20.33731' N,610.1,13
617.13,558.5,21.72,42.14,952.18,110.78,94.0,99.85,26;9;28;23;7;1,11° 50.78077' E,47° 20.33596' N,608.2,13
618.13,559.0,21.7,42.14,952.18,110.99,96.8,102.8,26;9;28;23;8;1,11° 50.78049' E,47° 20.3351' N,608.3,13
619.13,557.0,21.69,42.14,952.19,110.92,108.1,114.7,26;9;28;23;9;1,11° 50.78033' E,47° 20.33437' N,605.7,13
620.13,558.0,21.68,42.13,952.18,111.06,110.35,117.1,26;9;28;23;10;1,11° 50.78149' E,47° 20.33516' N,604.1,13
621.13,558.0,21.66,42.13,952.19,111.23,111.55,118.3,26;9;28;23;11;1,11° 50.78297' E,47° 20.33491' N,604.7,13
622.13,558.5,21.65,42.14,952.19,111.52,117.85,124.8,26;9;28;23;12;1,11° 50.78175' E,47° 20.33494' N,607.3,13
623.13,558.0,21.63,42.14,952.2,111.37,120.4,127.65,26;9;28;23;13;1,11° 50.77859' E,47° 20.33407' N,605.7,13
624.13,555.0,21.62,42.14,952.21,111.23,129.85,137.6,26;9;28;23;14;1,11° 50.77743' E,47° 20.3354' N,600.0,13
625.13,556.0,21.6,42.15,952.21,111.3,135.0,143.05,26;9;28;23;15;1,11° 50.77897' E,47° 20.33643' N,592.2,13
626.13,555.0,21.58,42.15,952.22,111.66,133.55,141.5,26;9;28;23;16;1,11° 50.78216' E,47° 20.33641' N,594.15,13
627.13,555.0,21.57,42.15,952.24,111.52,144.0,152.45,26;9;28;23;17;1,11° 50.78337' E,47° 20.33483' N,608.05,13
628.13,556.0,21.55,42.16,952.25,111.69,143.25,151.7,26;9;28;23;18;1,11° 50.78559' E,47° 20.33478' N,618.4,13
629.13,554.5,21.54,42.16,952.25,112.08,151.3,160.1,26;9;28;23;19;1,11° 50.78347' E,47° 20.33408' N,619.2,13
630.13,556.0,21.52,42.16,952.26,111.73,153.65,162.55,26;9;28;23;20;1,11° 50.78263' E,47° 20.33422' N,616.3,13
631.13,558.0,21.51,42.17,952.27,112.01,155.45,164.4,26;9;28;23;21;1,11° 50.7704' E,47° 20.33839' N,598.35,13
632.13,560.0,21.5,42.16,952.29,112.23,168.85,178.3,26;9;28;23;22;1,11° 50.76748' E,47° 20.33794' N,586.7,13
633.13,559.0,21.48,42.17,952.29,112.05,165.65,175.15,26;9;28;23;23;1,11° 50.78636' E,47° 20.33142' N,611.0,13
634.13,559.0,21.47,42.17,952.28,112.26,178.1,188.1,26;9;28;23;24;1,11° 50.77892' E,47° 20.33709' N,599.9,13
635.13,558.0,21.46,42.17,952.27,112.4,175.3,185.1,26;9;28;23;25;1,11° 50.78359' E,47° 20.33732' N,602.4,13
636.13,559.5,21.44,42.18,952.27,112.55,186.65,197.05,26;9;28;23;26;1,11° 50.78327' E,47° 20.33561' N,605.95,13
637.13,560.0,21.42,42.18,952.28,112.01,188.0,198.55,26;9;28;23;27;1,11° 50.78227' E,47° 20.33392' N,602.2,13
638.13,562.0,21.41,42.18,952.28,112.26,196.9,207.8,26;9;28;23;28;1,11° 50.78587' E,47° 20.33382' N,596.95,13
639.13,562.0,21.39,42.17,952.28,112.48,202.5,213.7,26;9;28;23;29;1,11° 50.78524' E,47° 20.33573' N,592.85,13
640.13,560.0,21.38,42.18,952.3,112.51,208.3,219.6,26;9;28;23;30;1,11° 50.78538' E,47° 20.34302' N,560.6,13
641.13,559.0,21.36,42.18,952.31,112.98,208.9,220.2,26;9;28;23;31;1,11° 50.781' E,47° 20.3445' N,539.2,13
642.13,556.0,21.35,42.18,952.3,112.8,215.65,227.4,26;9;28;23;32;1,11° 50.78203' E,47° 20.3402' N,563.1,13
643.13,555.5,21.33,42.18,952.3,113.09,224.0,236.1,26;9;28;23;33;1,11° 50.78226' E,47° 20.33955' N,570.1,13
644.13,553.5,21.32,42.18,952.32,112.69,237.85,250.7,26;9;28;23;34;1,11° 50.78105' E,47° 20.34157' N,548.0,13
645.13,553.0,21.31,42.19,952.32,112.76,244.45,257.5,26;9;28;23;35;1,11° 50.78269' E,47° 20.34161' N,539.4,13
646.13,553.0,21.29,42.2,952.31,113.16,253.05,266.55,26;9;28;23;36;1,11° 50.78517' E,47° 20.34052' N,562.2,13
647.13,551.5,21.28,42.19,952.31,112.76,261.15,274.9,26;9;28;23;37;1,11° 50.78908' E,47° 20.34061' N,581.45,13
648.13,552.0,21.26,42.19,952.32,113.16,256.95,270.7,26;9;28;23;38;1,11° 50.78956' E,47° 20.34106' N,598.6,13
649.13,550.0,21.25,42.19,952.33,113.23,272.75,287.0,26;9;28;23;39;1,11° 50.78287' E,47° 20.3365' N,608.8,13
650.13,548.0,21.23,42.19,952.35,113.09,284.3,299.05,26;9;28;23;40;1,11° 50.78378' E,47° 20.33451' N,620.1,13
651.13,546.5,21.22,42.19,952.34,113.02,277.3,291.6,26;9;28;23;41;1,11° 50.78477' E,47° 20.3367' N,598.1,13
652.13,544.0,21.2,42.2,952.35,113.42,297.65,313.0,26;9;28;23;42;1,11° 50.78396' E,47° 20.33878' N,582.0,13
653.13,545.0,21.19,42.2,952.35,113.49,300.5,315.9,26;9;28;23;43;1,11° 50.78369' E,47° 20.33897' N,578.3,13
654.13,546.0,21.17,42.21,952.35,113.71,308.8,324.5,26;9;28;23;44;1,11° 50.78118' E,47° 20.33845' N,580.5,13
655.13,544.0,21.16,42.21,952.35,113.64,312.8,328.7,26;9;28;23;45;1,11° 50.77923' E,47° 20.33856' N,579.6,13
656.13,544.0,21.14,42.21,952.36,113.45,320.1,336.25,26;9;28;23;46;1,11° 50.77933' E,47° 20.33914' N,584.15,13
657.13,543.0,21.13,42.22,952.36,113.71,344.85,362.2,26;9;28;23;47;1,11° 50.78121' E,47° 20.33808' N,598.1,13
658.13,540.0,21.12,42.21,952.37,113.75,344.45,361.8,26;9;28;23;48;1,11° 50.7834' E,47° 20.33597' N,610.85,13
659.13,538.0,21.11,42.21,952.37,113.97,366.8,384.9,26;9;28;23;49;1,11° 50.78282' E,47° 20.33476' N,619.0,13
660.13,534.5,21.09,42.22,952.36,113.71,374.4,392.7,26;9;28;23;50;1,11° 50.78318' E,47° 20.33436' N,622.35,13
661.13,534.0,21.08,42.21,952.35,114.04,390.7,409.7,26;9;28;23;51;1,11° 50.78339' E,47° 20.3343' N,617.6,13
662.13,533.0,21.07,42.21,952.34,114.3,408.6,427.95,26;9;28;23;52;1,11° 50.7839' E,47° 20.33403' N,610.7,13
663.13,534.0,21.05,42.21,952.34,114.34,422.4,442.25,26;9;28;23;53;1,11° 50.78263' E,47° 20.33429' N,597.35,13
664.13,527.0,21.04,42.22,952.34,114.34,444.75,465.2,26;9;28;23;54;1,11° 50.78188' E,47° 20.33388' N,597.5,13
665.13,516.0,21.02,42.23,952.35,114.23,490.9,512.8,26;9;28;23;55;1,11° 50.78101' E,47° 20.33382' N,601.1,13
666.13,510.0,21.01,42.24,952.34,114.34,529.2,551.9,26;9;28;23;56;1,11° 50.78272' E,47° 20.33331' N,613.65,13
667.13,501.0,21.0,42.23,952.33,114.6,568.25,591.95,26;9;28;23;57;1,11° 50.78298' E,47° 20.33388' N,617.2,13
668.13,494.0,20.99,42.23,952.34,114.56,589.55,613.35,26;9;28;23;58;1,11° 50.78179' E,47° 20.33348' N,622.5,13
669.13,493.0,20.98,42.24,952.34,114.63,626.05,650.9,26;9;28;23;59;1,11° 50.78089' E,47° 20.33256' N,627.75,13
670.13,490.0,20.96,42.24,952.35,114.78,626.9,651.7,26;9;29;0;0;1,11° 50.78151' E,47° 20.33213' N,628.45,13
671.13,492.5,20.95,42.24,952.33,114.75,636.9,662.35,26;9;29;0;1;1,11° 50.7836' E,47° 20.33304' N,623.1,13
672.13,489.0,20.93,42.24,952.31,114.97,633.3,658.5,26;9;29;0;2;1,11° 50.78485' E,47° 20.33419' N,615.5,13
673.13,483.5,20.92,42.24,952.31,114.86,620.2,645.0,26;9;29;0;3;1,11° 50.78592' E,47° 20.33454' N,610.3,13
674.13,471.0,20.91,42.25,952.29,114.97,641.55,667.05,26;9;29;0;3;51,11° 50.78251' E,47° 20.33281' N,613.3,13
675.13,464.0,20.89,42.25,952.31,115.27,638.55,664.1,26;9;29;0;5;1,11° 50.77916' E,47° 20.33182' N,612.95,13
676.13,461.0,20.88,42.25,952.32,114.82,616.8,641.3,26;9;29;0;6;1,11° 50.778' E,47° 20.33219' N,615.3,13
677.13,468.0,20.87,42.24,952.33,115.38,620.85,645.6,26;9;29;0;7;1,11° 50.7793' E,47° 20.33308' N,611.9,13
678.13,471.0,20.86,42.25,952.34,115.31,617.8,642.45,26;9;29;0;8;1,11° 50.7797' E,47° 20.33276' N,609.6,13
679.13,445.5,20.84,42.25,952.34,115.2,609.15,633.15,26;9;29;0;9;1,11° 50.78112' E,47° 20.33186' N,603.8,13
680.13,391.5,20.83,42.26,952.33,115.35,608.95,632.7,26;9;29;0;10;1,11° 50.78238' E,47° 20.33197' N,608.8,13
681.13,397.0,20.82,42.25,952.34,115.5,596.15,619.55,26;9;29;0;11;1,11° 50.78254' E,47° 20.3331' N,613.55,13
682.13,433.5,20.81,42.26,952.33,115.61,618.4,642.5,26;9;29;0;12;1,11° 50.78126' E,47° 20.33355' N,613.6,13
683.13,437.5,20.79,42.27,952.33,115.99,600.6,624.4,26;9;29;0;13;1,11° 50.77977' E,47° 20.33428' N,608.9,13
684.13,435.5,20.77,42.28,952.32,115.99,614.75,639.05,26;9;29;0;14;1,11° 50.77852' E,47° 20.33536' N,601.2,13
685.13,440.0,20.76,42.29,952.31,116.18,606.5,630.65,26;9;29;0;15;1,11° 50.77852' E,47° 20.33629' N,600.8,13
686.13,441.0,20.74,42.3,952.31,116.41,608.95,633.15,26;9;29;0;16;1,11° 50.77804' E,47° 20.33665' N,601.65,13
687.13,444.0,20.73,42.3,952.31,116.41,626.15,650.7,26;9;29;0;17;1,11° 50.777' E,47° 20.33644' N,600.45,13
688.13,454.5,20.72,42.3,952.31,116.57,605.2,629.05,26;9;29;0;18;1,11° 50.77696' E,47° 20.33632' N,595.9,13
689.13,463.5,20.7,42.3,952.32,116.92,595.15,618.75,26;9;29;0;19;1,11° 50.7766' E,47° 20.33517' N,594.4,13
690.13,466.0,20.69,42.3,952.32,117.3,609.75,633.65,26;9;29;0;20;1,11° 50.77769' E,47° 20.33526' N,595.9,13
691.13,458.5,20.67,42.31,952.32,117.11,596.85,620.35,26;9;29;0;21;1,11° 50.77869' E,47° 20.3344' N,596.1,13
692.13,449.5,20.65,42.31,952.32,116.92,595.0,618.35,26;9;29;0;22;1,11° 50.77975' E,47° 20.33485' N,599.1,13
693.13,442.0,20.64,42.32,952.32,117.38,599.45,622.95,26;9;29;0;23;1,11° 50.7806' E,47° 20.33525' N,601.8,13
694.13,437.5,20.62,42.32,952.32,117.42,579.55,602.35,26;9;29;0;24;1,11° 50.7819' E,47° 20.3348' N,607.0,13
695.13,406.0,20.6,42.33,952.32,117.5,600.2,624.0,26;9;29;0;25;1,11° 50.78309' E,47° 20.33378' N,608.2,13
696.13,376.0,20.58,42.33,952.31,117.26,579.55,602.45,26;9;29;0;26;1,11° 50.78452' E,47° 20.33373' N,609.85,13
697.13,382.0,20.57,42.34,952.3,117.66,603.3,627.0,26;9;29;0;27;1,11° 50.78481' E,47° 20.3339' N,609.7,13
698.13,343.5,20.55,42.35,952.3,117.97,580.15,603.25,26;9;29;0;28;1,11° 50.78392' E,47° 20.33438' N,608.3,13
699.13,419.5,20.53,42.36,952.3,117.7,603.85,627.6,26;9;29;0;29;1,11° 50.78435' E,47° 20.33474' N,607.8,13
700.13,419.5,20.52,42.37,952.29,118.73,604.4,628.35,26;9;29;0;30;1,11° 50.78254' E,47° 20.33449' N,609.3,13
701.13,418.0,20.5,42.37,952.3,117.85,585.05,608.5,26;9;29;0;31;1,11° 50.78109' E,47° 20.33395' N,608.4,13
702.13,416.0,20.48,42.38,952.28,118.01,556.15,578.4,26;9;29;0;32;1,11° 50.7845' E,47° 20.3343' N,607.9,13
703.13,418.5,20.46,42.39,952.27,117.74,581.9,605.2,26;9;29;0;33;1,11° 50.78569' E,47° 20.33632' N,620.2,13
704.13,434.0,20.44,42.39,952.27,117.77,579.35,602.65,26;9;29;0;34;1,11° 50.78304' E,47° 20.3366' N,616.4,13
705.13,442.5,20.42,42.39,952.27,118.01,556.05,578.5,26;9;29;0;35;1,11° 50.78193' E,47° 20.33615' N,608.9,13
706.13,427.5,20.4,42.4,952.26,118.41,543.75,565.85,26;9;29;0;36;1,11° 50.78038' E,47° 20.33597' N,606.7,13
707.13,376.0,20.38,42.42,952.27,118.73,555.35,577.55,26;9;29;0;37;1,11° 50.78431' E,47° 20.33586' N,607.1,13
708.13,358.5,20.36,42.44,952.27,118.65,504.45,524.9,26;9;29;0;38;1,11° 50.78115' E,47° 20.33448' N,608.8,13
709.13,369.0,20.33,42.46,952.28,118.73,447.4,465.5,26;9;29;0;39;1,11° 50.78207' E,47° 20.33445' N,602.65,13
Tijd,CO2,TempBME,RHBME,Press,Rvoc,PM2.5,PM10,TijdGPS,LengteGr,BreedteGr,Hoogte,Sensornummer
Tijd,CO2,TempBME,RHBME,Press,Rvoc,PM2.5,PM10,TijdGPS,LengteGr,BreedteGr,Hoogte,Sensornummer
1.13,439.0,15.84,50.57,892.08,13.88,554.35,578.7,26;9;29;8;0;44,10° 58.07535' E,47° 3.90462' N,1176.85,13
2.13,495.5,14.45,51.74,892.06,20.97,613.0,640.0,26;9;29;8;1;44,10° 58.07471' E,47° 3.90273' N,1181.3,13
3.13,523.5,13.3,53.7,892.06,32.92,601.95,628.35,26;9;29;8;2;44,10° 58.07528' E,47° 3.90332' N,1182.8,13
4.13,556.5,12.11,57.75,892.06,42.82,586.9,613.0,26;9;29;8;3;35,10° 58.07662' E,47° 3.90475' N,1178.2,13
5.13,589.5,11.45,58.83,892.04,54.45,595.15,621.0,26;9;29;8;4;44,10° 58.07619' E,47° 3.90528' N,1175.85,13
6.13,588.0,11.18,58.94,892.03,64.37,592.4,618.75,26;9;29;8;5;35,10° 58.07302' E,47° 3.90606' N,1174.8,13
7.13,576.5,11.03,59.53,892.02,72.35,585.25,611.05,26;9;29;8;6;44,10° 58.07574' E,47° 3.9047' N,1175.95,13
8.13,515.5,11.16,59.11,892.01,80.61,563.45,588.3,26;9;29;8;7;44,10° 58.07504' E,47° 3.90481' N,1180.3,13
9.13,464.0,11.31,58.33,892.02,86.72,524.75,547.9,26;9;29;8;8;35,10° 58.07389' E,47° 3.90471' N,1182.25,13
Tijd,CO2,TempBME,RHBME,Press,Rvoc,PM2.5,PM10,TijdGPS,LengteGr,BreedteGr,Hoogte,Sensornummer
Tijd,CO2,TempBME,RHBME,Press,Rvoc,PM2.5,PM10,TijdGPS,LengteGr,BreedteGr,Hoogte,Sensornummer
Tijd,CO2,TempBME,RHBME,Press,Rvoc,PM2.5,PM10,TijdGPS,LengteGr,BreedteGr,Hoogte,Sensornummer
Tijd,CO2,TempBME,RHBME,Press,Rvoc,PM2.5,PM10,TijdGPS,LengteGr,BreedteGr,Hoogte,Sensornummer
Tijd,CO2,TempBME,RHBME,Press,Rvoc,PM2.5,PM10,TijdGPS,LengteGr,BreedteGr,Hoogte,Sensornummer
Tijd,CO2,TempBME,RHBME,Press,Rvoc,PM2.5,PM10,TijdGPS,LengteGr,BreedteGr,Hoogte,Sensornummer
1.13,928.0,18.94,44.98,813.42,13.95,103.1,113.8,0;0;0;0;0;0,0,0,0,13
2.13,1280.5,19.26,44.04,813.39,18.82,1.65,14.2,0;0;0;0;0;0,0,0,0,13
3.13,903.5,19.81,43.18,813.38,26.22,0.7,1.65,0;0;0;0;0;0,0,0,0,13
4.13,747.0,20.67,42.15,813.39,32.22,0.7,1.85,0;0;0;0;0;0,0,0,0,13
5.13,695.0,21.63,40.89,813.4,37.07,0.6,1.65,0;0;0;0;0;0,0,0,0,13
6.13,680.5,22.56,39.81,813.41,40.82,1.0,1.8,0;0;0;0;0;0,0,0,0,13
7.13,661.0,23.35,38.8,813.41,44.06,1.05,1.75,0;0;0;0;0;0,0,0,0,13
8.13,645.0,24.02,38.04,813.41,48.6,0.8,1.6,0;0;0;0;0;0,0,0,0,13
9.13,645.5,24.56,37.46,813.41,50.88,0.85,3.25,0;0;0;0;0;0,0,0,0,13
10.13,656.5,25.01,36.96,813.41,52.73,1.05,2.0,0;0;0;0;0;0,0,0,0,13
11.13,669.5,25.29,36.23,813.38,55.14,1.0,6.85,0;0;0;0;0;0,0,0,0,13
12.13,718.5,25.52,36.25,813.38,56.52,1.65,8.7,0;0;0;0;0;0,0,0,0,13
13.13,768.0,25.81,36.24,813.39,57.16,1.7,9.2,0;0;0;0;0;0,0,0,0,13
14.13,768.0,26.13,36.09,813.39,57.42,0.95,4.4,0;0;0;0;0;0,0,0,0,13
15.13,749.0,26.41,35.88,813.4,58.01,1.1,4.1,0;0;0;0;0;0,0,0,0,13
16.13,739.5,26.65,35.64,813.4,58.76,1.15,5.4,0;0;0;0;0;0,0,0,0,13
17.13,765.0,26.86,35.54,813.4,59.26,1.15,4.2,0;0;0;0;0;0,0,0,0,13
18.13,802.0,27.05,35.4,813.41,59.6,1.05,4.75,0;0;0;0;0;0,0,0,0,13
19.13,823.0,27.24,35.26,813.41,60.02,1.3,5.0,0;0;0;0;0;0,0,0,0,13
20.13,854.5,27.42,35.21,813.39,60.33,1.4,7.25,0;0;0;0;0;0,0,0,0,13
21.13,888.0,27.53,35.18,813.38,60.6,1.15,4.3,0;0;0;0;0;0,0,0,0,13
22.13,951.5,27.7,34.99,813.38,60.72,1.05,6.5,0;0;0;0;0;0,0,0,0,13
23.13,959.0,27.85,34.84,813.38,61.12,1.15,4.6,0;0;0;0;0;0,0,0,0,13
24.13,958.0,27.98,34.6,813.4,61.57,1.5,6.15,0;0;0;0;0;0,0,0,0,13
25.13,958.5,28.13,34.35,813.39,62.16,1.1,4.8,0;0;0;0;0;0,0,0,0,13
26.13,959.0,28.29,34.25,813.38,62.54,1.0,4.6,0;0;0;0;0;0,0,0,0,13
27.13,922.5,28.42,33.81,813.39,63.14,1.05,3.4,0;0;0;0;0;0,0,0,0,13
28.13,891.5,28.54,33.85,813.38,63.3,0.7,3.25,0;0;0;0;0;0,0,0,0,13
29.13,883.0,28.65,33.78,813.39,63.55,1.1,3.05,0;0;0;0;0;0,0,0,0,13
30.13,887.5,28.75,33.66,813.38,63.46,1.15,5.85,0;0;0;0;0;0,0,0,0,13
31.13,893.0,28.85,33.61,813.37,63.25,1.15,5.1,0;0;0;0;0;0,0,0,0,13
32.13,898.0,28.93,33.48,813.35,63.32,1.6,4.3,0;0;0;0;0;0,0,0,0,13
33.13,903.5,29.03,33.29,813.34,63.32,1.0,3.9,0;0;0;0;0;0,0,0,0,13
34.13,905.0,29.11,33.19,813.36,63.57,0.95,4.35,0;0;0;0;0;0,0,0,0,13
35.13,900.5,29.18,33.03,813.36,63.64,1.3,2.85,0;0;0;0;0;0,0,0,0,13
36.13,881.5,29.25,32.86,813.34,64.06,1.0,3.55,0;0;0;0;0;0,0,0,0,13
37.13,869.5,29.3,32.75,813.32,64.31,1.0,3.15,0;0;0;0;0;0,0,0,0,13
38.13,858.0,29.34,32.65,813.34,64.67,1.0,3.3,0;0;0;0;0;0,0,0,0,13
39.13,846.5,29.39,32.57,813.33,64.76,0.8,2.45,0;0;0;0;0;0,0,0,0,13
40.13,833.5,29.45,32.41,813.29,65.17,1.3,3.15,0;0;0;0;0;0,0,0,0,13
41.13,814.0,29.49,32.22,813.27,65.53,1.05,2.8,0;0;0;0;0;0,0,0,0,13
42.13,801.0,29.53,31.99,813.26,66.1,1.2,2.65,0;0;0;0;0;0,0,0,0,13
43.13,790.0,29.57,31.92,813.25,66.3,1.15,2.85,0;0;0;0;0;0,0,0,0,13
44.13,777.0,29.6,31.78,813.23,66.8,1.25,2.05,0;0;0;0;0;0,0,0,0,13
45.13,767.0,29.63,31.78,813.24,66.8,1.0,2.1,0;0;0;0;0;0,0,0,0,13
46.13,758.5,29.66,31.58,813.24,67.23,1.1,2.5,0;0;0;0;0;0,0,0,0,13
47.13,746.5,29.69,31.5,813.25,67.6,0.8,2.25,0;0;0;0;0;0,0,0,0,13
48.13,740.5,29.71,31.4,813.22,67.75,1.25,2.8,0;0;0;0;0;0,0,0,0,13
49.13,734.0,29.72,31.27,813.2,68.12,1.55,3.4,0;0;0;0;0;0,0,0,0,13
50.13,727.0,29.74,31.21,813.21,68.49,1.15,2.5,0;0;0;0;0;0,0,0,0,13
51.13,724.0,29.77,31.05,813.22,68.92,0.7,2.05,0;0;0;0;0;0,0,0,0,13
52.13,720.5,29.8,31.01,813.21,68.92,1.2,2.1,0;0;0;0;0;0,0,0,0,13
53.13,713.0,29.81,30.77,813.2,69.62,0.75,1.55,0;0;0;0;0;0,0,0,0,13
54.13,711.0,29.83,30.84,813.18,69.6,1.4,2.1,0;0;0;0;0;0,0,0,0,13
55.13,710.0,29.85,30.76,813.18,69.87,0.9,2.2,0;0;0;0;0;0,0,0,0,13
56.13,709.5,29.87,30.7,813.18,70.01,0.8,1.9,0;0;0;0;0;0,0,0,0,13
57.13,706.0,29.89,30.66,813.17,70.24,1.35,3.25,0;0;0;0;0;0,0,0,0,13
58.13,701.0,29.91,30.6,813.17,70.52,1.5,2.95,0;0;0;0;0;0,0,0,0,13
59.13,698.0,29.92,30.41,813.16,70.63,0.8,2.3,0;0;0;0;0;0,0,0,0,13
60.13,694.0,29.92,30.39,813.15,70.86,1.15,3.05,0;0;0;0;0;0,0,0,0,13
61.13,692.0,29.94,30.31,813.13,71.0,1.15,2.75,0;0;0;0;0;0,0,0,0,13
62.13,690.5,29.95,30.26,813.12,71.26,1.25,2.2,0;0;0;0;0;0,0,0,0,13
63.13,688.0,29.97,30.17,813.1,71.55,1.2,2.1,0;0;0;0;0;0,0,0,0,13
64.13,686.5,29.98,30.09,813.09,71.75,0.7,1.45,0;0;0;0;0;0,0,0,0,13
65.13,682.0,30.0,30.01,813.08,71.9,1.1,2.6,0;0;0;0;0;0,0,0,0,13
66.13,681.5,30.01,29.9,813.09,72.28,0.95,2.25,0;0;0;0;0;0,0,0,0,13
67.13,682.5,30.02,29.83,813.08,72.52,1.25,2.25,0;0;0;0;0;0,0,0,0,13
68.13,681.5,30.02,29.81,813.07,72.79,0.95,1.75,0;0;0;0;0;0,0,0,0,13
69.13,677.5,30.04,29.74,813.06,73.27,1.05,2.05,0;0;0;0;0;0,0,0,0,13
70.13,677.5,30.05,29.76,813.06,73.33,1.2,2.0,0;0;0;0;0;0,0,0,0,13
71.13,677.0,30.06,29.7,813.04,73.52,0.95,1.6,0;0;0;0;0;0,0,0,0,13
72.13,676.0,30.08,29.59,813.04,73.49,1.1,2.35,0;0;0;0;0;0,0,0,0,13
73.13,674.0,30.1,29.51,813.05,73.67,1.2,2.25,0;0;0;0;0;0,0,0,0,13
74.13,674.5,30.13,29.46,813.05,73.79,1.05,1.9,0;0;0;0;0;0,0,0,0,13
75.13,678.5,30.14,29.43,813.05,74.13,0.9,2.05,0;0;0;0;0;0,0,0,0,13
76.13,677.5,30.15,29.4,813.05,74.26,1.25,1.5,0;0;0;0;0;0,0,0,0,13
77.13,672.0,30.16,29.3,813.06,74.57,1.1,1.65,0;0;0;0;0;0,0,0,0,13
78.13,665.5,30.18,29.27,813.06,74.73,1.0,2.5,0;0;0;0;0;0,0,0,0,13
79.13,664.5,30.19,29.23,813.06,74.76,1.05,1.85,0;0;0;0;0;0,0,0,0,13
80.13,662.0,30.2,29.12,813.07,74.92,1.05,1.7,0;0;0;0;0;0,0,0,0,13
81.13,662.5,30.22,29.07,813.07,75.15,1.05,1.85,0;0;0;0;0;0,0,0,0,13
82.13,663.0,30.23,28.92,813.06,75.63,1.4,2.2,0;0;0;0;0;0,0,0,0,13
83.13,662.0,30.24,28.87,813.06,75.82,1.25,2.05,0;0;0;0;0;0,0,0,0,13
84.13,662.5,30.25,28.88,813.07,76.02,0.95,2.35,0;0;0;0;0;0,0,0,0,13
85.13,664.0,30.25,28.82,813.07,76.18,1.1,1.55,0;0;0;0;0;0,0,0,0,13
86.13,663.0,30.27,28.79,813.08,76.28,1.1,1.9,0;0;0;0;0;0,0,0,0,13
87.13,661.0,30.28,28.74,813.08,76.58,1.45,2.1,0;0;0;0;0;0,0,0,0,13
88.13,658.5,30.29,28.68,813.08,76.72,1.05,2.25,0;0;0;0;0;0,0,0,0,13
89.13,655.5,30.3,28.66,813.08,76.85,0.75,1.65,0;0;0;0;0;0,0,0,0,13
90.13,656.0,30.31,28.58,813.09,77.05,1.25,1.65,0;0;0;0;0;0,0,0,0,13
91.13,655.5,30.33,28.48,813.09,77.32,1.0,1.8,0;0;0;0;0;0,0,0,0,13
92.13,655.0,30.34,28.49,813.09,77.29,1.3,2.5,0;0;0;0;0;0,0,0,0,13
93.13,657.5,30.34,28.48,813.08,77.46,0.85,1.75,0;0;0;0;0;0,0,0,0,13
94.13,654.0,30.35,28.42,813.07,77.59,1.4,2.05,0;0;0;0;0;0,0,0,0,13
95.13,654.0,30.36,28.36,813.07,77.73,1.3,2.4,0;0;0;0;0;0,0,0,0,13
96.13,652.5,30.38,28.25,813.06,78.07,1.0,1.7,0;0;0;0;0;0,0,0,0,13
97.13,651.0,30.39,28.26,813.07,78.01,0.85,1.8,0;0;0;0;0;0,0,0,0,13
98.13,648.0,30.38,28.26,813.05,78.14,1.45,2.0,0;0;0;0;0;0,0,0,0,13
99.13,649.0,30.39,28.21,813.06,78.14,1.1,1.65,0;0;0;0;0;0,0,0,0,13
100.13,650.0,30.4,28.2,813.06,78.28,1.1,2.0,0;0;0;0;0;0,0,0,0,13
101.13,647.5,30.4,28.16,813.05,78.42,1.15,2.35,0;0;0;0;0;0,0,0,0,13
102.13,649.0,30.41,28.11,813.05,78.63,1.2,2.0,0;0;0;0;0;0,0,0,0,13
103.13,648.5,30.43,28.01,813.07,78.91,1.0,1.95,0;0;0;0;0;0,0,0,0,13
104.13,648.5,30.45,27.99,813.09,79.02,0.95,2.3,0;0;0;0;0;0,0,0,0,13
105.13,646.0,30.46,27.98,813.09,79.16,0.9,2.15,0;0;0;0;0;0,0,0,0,13
106.13,644.0,30.46,27.95,813.09,79.52,1.05,2.25,0;0;0;0;0;0,0,0,0,13
107.13,645.5,30.46,27.92,813.09,79.56,1.3,2.4,0;0;0;0;0;0,0,0,0,13
108.13,646.0,30.46,27.88,813.07,79.74,1.55,2.8,0;0;0;0;0;0,0,0,0,13
109.13,647.0,30.47,27.87,813.06,80.06,1.2,2.75,0;0;0;0;0;0,0,0,0,13
110.13,645.5,30.49,27.88,813.07,80.06,1.05,2.2,0;0;0;0;0;0,0,0,0,13
111.13,642.5,30.51,27.79,813.08,80.28,1.1,2.3,0;0;0;0;0;0,0,0,0,13
112.13,640.0,30.51,27.81,813.09,80.32,1.1,2.0,0;0;0;0;0;0,0,0,0,13
113.13,642.0,30.5,27.85,813.1,79.99,1.2,2.65,0;0;0;0;0;0,0,0,0,13
114.13,649.5,30.5,27.85,813.09,80.02,1.0,2.55,0;0;0;0;0;0,0,0,0,13
115.13,657.5,30.52,27.89,813.1,79.88,1.2,3.0,0;0;0;0;0;0,0,0,0,13
116.13,667.5,30.56,27.86,813.1,79.92,1.1,2.9,0;0;0;0;0;0,0,0,0,13
117.13,682.5,30.58,27.84,813.1,79.59,1.2,3.4,0;0;0;0;0;0,0,0,0,13
118.13,696.0,30.56,27.94,813.08,79.63,1.3,3.35,0;0;0;0;0;0,0,0,0,13
Tijd,CO2,TempBME,RHBME,Press,Rvoc,PM2.5,PM10,TijdGPS,LengteGr,BreedteGr,Hoogte,Sensornummer
Tijd,CO2,TempBME,RHBME,Press,Rvoc,PM2.5,PM10,TijdGPS,LengteGr,BreedteGr,Hoogte,Sensornummer
Tijd,CO2,TempBME,RHBME,Press,Rvoc,PM2.5,PM10,TijdGPS,LengteGr,BreedteGr,Hoogte,Sensornummer
1.14,217.0,23.56,31.31,813.32,34.87,1.4,5.3,26;9;29;13;27;2,11° 1.47583' E,46° 52.00969' N,1947.5,13
2.14,508.0,24.3,30.5,813.35,50.97,1.4,2.4,26;9;29;13;28;2,11° 1.47465' E,46° 52.01485' N,1945.15,13
3.14,593.5,24.47,30.34,813.34,70.7,1.45,3.8,26;9;29;13;29;2,11° 1.47252' E,46° 52.0158' N,1947.3,13
4.14,602.5,24.49,31.34,813.36,83.77,1.3,2.3,26;9;29;13;30;2,11° 1.47083' E,46° 52.01486' N,1947.25,13
5.14,601.5,24.27,31.49,813.38,99.53,1.5,2.15,26;9;29;13;30;53,11° 1.47173' E,46° 52.01558' N,1944.35,13
6.14,601.0,24.0,30.24,813.38,115.36,1.15,2.55,26;9;29;13;32;2,11° 1.47158' E,46° 52.01419' N,1951.55,13
7.14,592.5,23.61,30.4,813.39,129.13,1.15,2.3,26;9;29;13;33;2,11° 1.47084' E,46° 52.01413' N,1947.4,13
8.14,586.0,23.41,30.67,813.39,136.36,1.2,2.3,26;9;29;13;34;2,11° 1.47311' E,46° 52.01588' N,1948.5,13
9.14,598.0,23.31,30.61,813.39,143.76,1.05,1.5,26;9;29;13;35;2,11° 1.47233' E,46° 52.01352' N,1949.25,13
10.14,589.0,23.23,30.95,813.4,148.56,1.3,2.1,26;9;29;13;36;2,11° 1.47409' E,46° 52.0138' N,1942.7,13
11.14,587.5,23.01,31.17,813.4,155.29,1.3,2.4,26;9;29;13;36;59,11° 1.47218' E,46° 52.01422' N,1947.7,13
12.14,581.5,22.95,31.06,813.4,159.86,1.0,2.15,26;9;29;13;37;59,11° 1.47447' E,46° 52.01389' N,1946.0,13
13.14,581.0,23.02,31.02,813.39,160.67,1.05,1.95,26;9;29;13;38;59,11° 1.47386' E,46° 52.01274' N,1943.2,13
14.14,584.5,23.04,31.33,813.38,162.14,1.25,2.0,26;9;29;13;39;59,11° 1.47608' E,46° 52.01277' N,1946.85,13
15.14,590.0,23.02,31.27,813.38,165.96,1.5,2.45,26;9;29;13;40;50,11° 1.47344' E,46° 52.01321' N,1943.15,13
16.14,589.5,22.99,31.73,813.38,167.46,1.45,3.35,26;9;29;13;41;50,11° 1.47463' E,46° 52.014' N,1947.45,13
17.14,591.0,22.91,31.73,813.38,170.46,1.15,2.45,26;9;29;13;42;59,11° 1.47762' E,46° 52.01393' N,1940.55,13
18.14,587.0,22.84,31.85,813.39,174.07,1.65,2.55,26;9;29;13;43;50,11° 1.47503' E,46° 52.01245' N,1938.5,13
19.14,585.0,22.72,31.81,813.39,178.3,1.35,2.55,26;9;29;13;44;59,11° 1.47422' E,46° 52.01516' N,1937.3,13
20.14,594.5,22.49,32.09,813.4,188.4,1.1,2.55,26;9;29;13;45;59,11° 1.47665' E,46° 52.01329' N,1942.1,13
21.14,593.0,22.47,32.28,813.4,188.87,1.2,2.75,26;9;29;13;46;50,11° 1.47488' E,46° 52.01737' N,1943.5,13
22.14,591.0,22.47,32.9,813.4,179.94,1.0,2.05,26;9;29;13;47;50,11° 1.47162' E,46° 52.01859' N,1943.75,13
23.14,593.5,22.55,32.69,813.38,178.57,1.2,2.4,26;9;29;13;48;50,11° 1.47285' E,46° 52.01788' N,1939.2,13
24.14,596.0,22.57,33.12,813.38,178.75,1.1,2.65,26;9;29;13;49;59,11° 1.47225' E,46° 52.01709' N,1937.25,13
25.14,596.0,22.51,33.11,813.37,184.67,1.55,2.65,26;9;29;13;50;50,11° 1.47159' E,46° 52.01852' N,1939.25,13
26.14,596.0,22.26,33.31,813.4,190.16,1.0,2.35,26;9;29;13;51;50,11° 1.4735' E,46° 52.01517' N,1943.8,13
27.14,597.0,22.32,33.73,813.41,188.56,1.75,3.0,26;9;29;13;52;50,11° 1.47276' E,46° 52.0156' N,1945.25,13
28.14,589.0,22.32,33.38,813.41,190.21,1.3,3.2,26;9;29;13;53;50,11° 1.47139' E,46° 52.01762' N,1946.65,13
29.14,586.5,22.33,33.73,813.4,188.61,1.5,2.75,26;9;29;13;54;50,11° 1.47258' E,46° 52.01746' N,1944.85,13
30.14,595.0,22.26,34.12,813.39,189.38,1.65,3.05,26;9;29;13;55;50,11° 1.47382' E,46° 52.0166' N,1944.75,13
31.14,596.0,22.21,34.01,813.4,188.15,1.45,2.95,26;9;29;13;56;50,11° 1.47326' E,46° 52.01496' N,1946.15,13
32.14,596.5,22.15,34.5,813.42,187.94,1.55,3.05,26;9;29;13;57;50,11° 1.47324' E,46° 52.01621' N,1947.2,13
33.14,595.5,22.2,34.01,813.43,179.94,1.25,2.85,26;9;29;13;58;59,11° 1.47121' E,46° 52.01922' N,1948.3,13
34.14,597.0,22.36,34.38,813.44,178.75,1.15,3.6,26;9;29;13;59;59,11° 1.47138' E,46° 52.01735' N,1947.25,13
35.14,589.5,22.46,33.95,813.44,179.39,1.65,3.8,26;9;29;14;0;59,11° 1.47319' E,46° 52.01592' N,1945.35,13
36.14,588.0,22.33,33.95,813.44,189.07,1.45,4.05,26;9;29;14;1;50,11° 1.47383' E,46° 52.01484' N,1952.5,13
37.14,584.5,21.97,34.4,813.43,190.53,1.8,3.6,26;9;29;14;2;59,11° 1.47514' E,46° 52.01546' N,1948.4,13
38.14,580.0,21.8,34.59,813.43,184.05,2.05,4.8,26;9;29;14;3;59,11° 1.47354' E,46° 52.01536' N,1943.7,13
39.14,581.5,21.76,34.74,813.43,180.49,1.6,4.0,26;9;29;14;4;59,11° 1.47366' E,46° 52.01566' N,1946.3,13
40.14,581.5,21.76,35.01,813.43,177.05,1.75,4.45,26;9;29;14;5;50,11° 1.47368' E,46° 52.01574' N,1949.45,13
41.14,587.0,21.82,34.57,813.43,176.34,1.9,3.6,26;9;29;14;6;59,11° 1.47435' E,46° 52.016' N,1947.0,13
42.14,592.0,21.85,34.65,813.43,176.07,1.5,4.75,26;9;29;14;7;50,11° 1.47493' E,46° 52.01503' N,1947.15,13
43.14,589.5,21.84,34.75,813.45,173.99,1.8,4.05,26;9;29;14;8;59,11° 1.47538' E,46° 52.01445' N,1950.0,13
44.14,609.5,21.88,35.01,813.45,171.03,1.65,5.05,26;9;29;14;9;50,11° 1.4744' E,46° 52.0153' N,1945.7,13
45.14,591.5,21.87,35.17,813.45,174.25,1.95,9.95,26;9;29;14;10;59,11° 1.4769' E,46° 52.01636' N,1946.8,13
46.14,589.5,21.84,35.47,813.46,172.12,1.85,10.35,26;9;29;14;11;59,11° 1.47351' E,46° 52.01546' N,1946.5,13
47.14,584.0,21.85,35.22,813.47,173.14,1.45,3.9,26;9;29;14;12;59,11° 1.47468' E,46° 52.01538' N,1947.8,13
48.14,612.5,21.73,34.5,813.47,178.48,1.75,3.5,26;9;29;14;13;59,11° 1.47476' E,46° 52.01537' N,1945.1,13
49.14,598.0,21.6,34.76,813.49,170.46,1.2,2.7,26;9;29;14;14;59,11° 1.47434' E,46° 52.01625' N,1947.3,13
50.14,592.0,21.59,35.75,813.5,169.47,1.6,4.1,26;9;29;14;15;59,11° 1.47373' E,46° 52.01667' N,1943.9,13
51.14,589.0,21.5,35.65,813.5,174.94,1.45,3.25,26;9;29;14;16;59,11° 1.47294' E,46° 52.01445' N,1945.9,13
52.14,589.5,21.48,36.21,813.49,173.56,1.95,4.15,26;9;29;14;17;59,11° 1.47173' E,46° 52.01506' N,1945.45,13
53.14,596.5,21.62,35.68,813.49,172.79,1.7,3.6,26;9;29;14;18;59,11° 1.47331' E,46° 52.017' N,1950.45,13
54.14,595.0,21.69,35.32,813.5,171.53,1.35,3.3,26;9;29;14;19;59,11° 1.47237' E,46° 52.01495' N,1951.0,13
55.14,602.0,21.71,35.05,813.5,171.53,1.5,4.15,26;9;29;14;20;59,11° 1.4725' E,46° 52.01562' N,1951.5,13
56.14,598.0,21.7,35.23,813.52,170.37,1.8,3.7,26;9;29;14;21;59,11° 1.47386' E,46° 52.0162' N,1949.15,13
57.14,597.0,21.67,35.82,813.53,164.64,1.8,3.9,26;9;29;14;22;59,11° 1.47397' E,46° 52.01523' N,1945.65,13
58.14,598.0,21.77,36.14,813.53,160.52,1.6,4.75,26;9;29;14;23;50,11° 1.47413' E,46° 52.01477' N,1944.9,13
59.14,599.0,21.89,35.89,813.52,161.18,1.65,4.0,26;9;29;14;24;50,11° 1.47421' E,46° 52.01541' N,1945.35,13
60.14,599.0,21.96,35.83,813.54,161.63,1.6,3.45,26;9;29;14;25;59,11° 1.47279' E,46° 52.01511' N,1945.2,13
61.14,592.5,21.95,35.72,813.54,164.72,1.65,4.25,26;9;29;14;26;59,11° 1.47462' E,46° 52.01485' N,1946.3,13
62.14,601.5,21.87,36.03,813.55,165.88,2.05,6.25,26;9;29;14;27;59,11° 1.47345' E,46° 52.0145' N,1947.25,13
63.14,601.5,21.79,36.21,813.55,163.65,2.0,4.6,26;9;29;14;28;59,11° 1.47428' E,46° 52.015' N,1945.6,13
64.14,608.0,21.79,36.24,813.57,162.22,1.85,4.05,26;9;29;14;29;59,11° 1.47478' E,46° 52.01568' N,1946.65,13
65.14,604.0,21.8,36.02,813.57,163.57,2.2,4.9,26;9;29;14;30;59,11° 1.47464' E,46° 52.01559' N,1947.6,13
66.14,603.5,21.73,36.47,813.57,161.77,2.05,4.55,26;9;29;14;31;50,11° 1.47281' E,46° 52.01424' N,1948.1,13
67.14,606.0,21.69,36.37,813.57,163.73,1.6,4.8,26;9;29;14;32;59,11° 1.47351' E,46° 52.01581' N,1946.1,13
68.14,617.5,21.54,36.72,813.57,164.64,2.45,12.15,26;9;29;14;33;59,11° 1.47463' E,46° 52.01483' N,1946.4,13
69.14,620.5,21.42,36.86,813.57,166.12,1.9,6.55,26;9;29;14;34;50,11° 1.47403' E,46° 52.01687' N,1945.1,13
70.14,583.5,21.25,37.48,813.58,165.34,1.95,4.65,26;9;29;14;35;59,11° 1.47259' E,46° 52.01596' N,1942.75,13
71.14,584.5,21.08,37.08,813.57,169.72,1.6,4.05,26;9;29;14;36;50,11° 1.47439' E,46° 52.01534' N,1943.95,13
72.14,589.0,20.94,37.38,813.56,168.42,1.45,3.9,26;9;29;14;37;59,11° 1.47387' E,46° 52.01772' N,1944.9,13
73.14,598.0,20.89,37.6,813.57,167.06,2.05,4.8,26;9;29;14;38;50,11° 1.47378' E,46° 52.01687' N,1945.45,13
74.14,583.0,20.83,37.36,813.58,168.98,1.55,3.8,26;9;29;14;39;50,11° 1.47389' E,46° 52.01587' N,1944.45,13
75.14,588.0,20.76,37.47,813.57,170.04,1.8,5.0,26;9;29;14;40;50,11° 1.47443' E,46° 52.01625' N,1945.8,13
76.14,594.5,20.65,38.26,813.58,169.31,1.8,3.9,26;9;29;14;41;50,11° 1.47264' E,46° 52.01725' N,1944.0,13
77.14,598.0,20.63,37.92,813.58,168.42,2.1,4.2,26;9;29;14;42;50,11° 1.47293' E,46° 52.01485' N,1941.35,13
78.14,583.0,20.53,38.05,813.59,169.15,2.0,4.15,26;9;29;14;43;50,11° 1.47403' E,46° 52.01509' N,1941.55,13
79.14,592.5,20.49,38.39,813.6,166.43,2.0,4.8,26;9;29;14;44;50,11° 1.47445' E,46° 52.01588' N,1943.45,13
80.14,596.0,20.51,38.46,813.6,163.12,2.0,5.45,26;9;29;14;45;50,11° 1.4735' E,46° 52.01527' N,1944.3,13
81.14,603.0,20.49,38.59,813.6,163.95,2.1,4.55,26;9;29;14;46;59,11° 1.47322' E,46° 52.01592' N,1943.55,13
82.14,597.5,20.44,38.45,813.61,165.65,2.0,5.8,26;9;29;14;47;59,11° 1.47342' E,46° 52.01398' N,1942.5,13
83.14,600.5,20.41,38.49,813.62,163.19,2.0,4.1,26;9;29;14;48;59,11° 1.47306' E,46° 52.01495' N,1941.65,13
84.14,604.0,20.43,38.33,813.62,163.73,1.65,3.85,26;9;29;14;49;59,11° 1.47335' E,46° 52.01468' N,1941.5,13
85.14,623.5,20.44,38.34,813.63,163.42,2.1,4.75,26;9;29;14;50;59,11° 1.47366' E,46° 52.01557' N,1939.9,13
86.14,607.0,20.36,38.74,813.63,166.59,2.1,4.9,26;9;29;14;51;50,11° 1.47362' E,46° 52.01529' N,1939.7,13
87.14,577.0,20.26,38.89,813.63,166.35,2.2,8.4,26;9;29;14;52;50,11° 1.47436' E,46° 52.01574' N,1936.95,13
88.14,579.5,20.22,38.97,813.63,163.95,2.1,5.65,26;9;29;14;53;59,11° 1.4743' E,46° 52.01586' N,1939.8,13
89.14,605.5,20.22,39.08,813.63,164.8,1.7,5.45,26;9;29;14;54;59,11° 1.47427' E,46° 52.01552' N,1940.45,13
90.14,581.0,20.14,39.19,813.63,164.11,2.45,6.75,26;9;29;14;55;50,11° 1.4738' E,46° 52.01523' N,1939.25,13
91.14,577.5,20.15,39.22,813.64,163.88,2.2,5.8,26;9;29;14;56;59,11° 1.47313' E,46° 52.01656' N,1940.8,13
92.14,574.5,20.11,38.88,813.64,163.35,1.65,4.2,26;9;29;14;57;50,11° 1.47318' E,46° 52.0162' N,1946.35,13
93.14,582.0,20.04,39.67,813.64,159.57,1.7,5.05,26;9;29;14;58;50,11° 1.47134' E,46° 52.01602' N,1947.35,13
94.14,584.5,20.06,39.1,813.66,161.7,1.95,4.65,26;9;29;14;59;59,11° 1.47245' E,46° 52.01597' N,1942.3,13
95.14,578.0,20.01,38.99,813.66,164.8,1.9,4.1,26;9;29;15;0;59,11° 1.47194' E,46° 52.01686' N,1943.4,13
96.14,570.5,19.95,38.95,813.67,166.98,1.7,4.4,26;9;29;15;1;59,11° 1.47291' E,46° 52.01543' N,1945.0,13
97.14,572.5,19.87,39.51,813.7,165.65,1.45,4.35,26;9;29;15;2;59,11° 1.4726' E,46° 52.01641' N,1944.4,13
98.14,578.5,19.84,39.93,813.71,161.77,2.1,4.45,26;9;29;15;3;50,11° 1.47179' E,46° 52.01529' N,1944.65,13
99.14,584.5,19.87,39.99,813.71,156.05,2.05,7.7,26;9;29;15;4;50,11° 1.47188' E,46° 52.01634' N,1945.15,13
100.14,587.5,19.96,40.15,813.69,149.81,2.0,8.9,26;9;29;15;5;50,11° 1.47129' E,46° 52.01532' N,1943.0,13
101.14,580.0,20.08,39.65,813.69,155.08,1.75,4.55,26;9;29;15;6;50,11° 1.47067' E,46° 52.01571' N,1947.45,13
102.14,572.5,20.07,39.53,813.69,156.88,1.95,4.8,26;9;29;15;7;59,11° 1.47007' E,46° 52.01649' N,1949.65,13
103.14,584.0,20.03,39.71,813.69,151.68,2.1,4.75,26;9;29;15;8;50,11° 1.47124' E,46° 52.01572' N,1948.5,13
104.14,595.0,19.98,39.67,813.71,152.53,1.85,4.15,26;9;29;15;9;59,11° 1.47167' E,46° 52.01594' N,1949.2,13
105.14,594.0,19.94,39.53,813.74,155.63,1.6,4.15,26;9;29;15;10;50,11° 1.47201' E,46° 52.01573' N,1942.15,13
106.14,598.0,19.93,39.45,813.75,155.42,1.85,4.0,26;9;29;15;11;59,11° 1.47235' E,46° 52.01526' N,1943.95,13
107.14,600.0,19.89,39.34,813.75,154.4,2.0,4.7,26;9;29;15;12;59,11° 1.47316' E,46° 52.01637' N,1940.0,13
108.14,603.0,19.76,39.76,813.76,158.36,1.65,4.95,26;9;29;15;13;50,11° 1.47296' E,46° 52.0162' N,1939.85,13
109.14,599.0,19.51,40.58,813.75,160.37,1.65,4.65,26;9;29;15;14;50,11° 1.47273' E,46° 52.01601' N,1944.95,13
110.14,598.0,19.35,40.52,813.76,160.59,1.75,4.3,26;9;29;15;15;59,11° 1.47325' E,46° 52.01434' N,1949.1,13
111.14,598.0,19.25,40.6,813.77,161.11,1.85,4.35,26;9;29;15;16;50,11° 1.47301' E,46° 52.0144' N,1946.45,13
112.14,597.5,19.06,41.13,813.8,161.48,2.1,4.85,26;9;29;15;17;50,11° 1.47296' E,46° 52.01503' N,1940.6,13
113.14,594.5,18.82,41.53,813.79,161.4,2.0,4.5,26;9;29;15;18;59,11° 1.47342' E,46° 52.01496' N,1940.2,13
114.14,596.0,18.6,42.09,813.8,162.3,1.9,4.55,26;9;29;15;19;50,11° 1.47324' E,46° 52.01354' N,1937.25,13
115.14,597.0,18.4,42.4,813.8,159.43,1.7,4.1,26;9;29;15;20;50,11° 1.47386' E,46° 52.01465' N,1936.15,13
116.14,596.0,18.28,42.49,813.82,161.7,2.1,4.55,26;9;29;15;21;50,11° 1.47384' E,46° 52.01492' N,1938.4,13
117.14,597.0,18.14,42.74,813.81,163.27,1.8,5.2,26;9;29;15;22;50,11° 1.47357' E,46° 52.01468' N,1940.1,13
118.14,590.5,18.06,42.68,813.8,162.29,2.15,9.7,26;9;29;15;23;50,11° 1.47377' E,46° 52.01475' N,1943.1,13
119.14,585.0,18.12,42.57,813.81,162.3,1.95,6.45,26;9;29;15;24;50,11° 1.47376' E,46° 52.01426' N,1941.65,13
120.14,584.5,18.08,43.01,813.83,159.72,1.75,8.9,26;9;29;15;25;59,11° 1.47348' E,46° 52.01366' N,1943.35,13
121.14,587.0,17.89,43.43,813.83,159.65,2.05,6.5,26;9;29;15;26;59,11° 1.47418' E,46° 52.01477' N,1941.65,13
122.14,589.0,17.72,43.91,813.84,161.11,1.7,7.35,26;9;29;15;27;59,11° 1.47443' E,46° 52.01515' N,1945.7,13
123.14,587.0,17.55,43.81,813.83,162.82,2.15,6.55,26;9;29;15;28;50,11° 1.47294' E,46° 52.01584' N,1945.0,13
124.14,583.0,17.5,43.59,813.85,161.55,1.85,6.25,26;9;29;15;29;59,11° 1.47393' E,46° 52.01531' N,1945.85,13
125.14,579.5,17.42,44.13,813.85,160.89,1.95,6.7,26;9;29;15;30;50,11° 1.47302' E,46° 52.01578' N,1942.7,13
126.14,585.5,17.28,44.49,813.88,157.58,1.65,5.85,26;9;29;15;31;59,11° 1.47339' E,46° 52.01586' N,1942.2,13
127.14,586.0,17.31,43.68,813.87,156.11,1.85,4.95,26;9;29;15;32;50,11° 1.47348' E,46° 52.0153' N,1946.9,13
128.14,587.0,17.35,43.74,813.87,156.46,2.15,4.8,26;9;29;15;33;59,11° 1.47293' E,46° 52.01527' N,1943.6,13
129.14,585.0,17.37,43.77,813.86,158.07,2.05,6.45,26;9;29;15;34;50,11° 1.47373' E,46° 52.01652' N,1948.3,13
130.14,585.5,17.34,44.32,813.88,159.29,2.05,9.0,26;9;29;15;35;59,11° 1.47323' E,46° 52.0162' N,1945.9,13
131.14,585.0,17.16,44.96,813.92,158.43,2.65,7.85,26;9;29;15;36;50,11° 1.47194' E,46° 52.01739' N,1950.55,13
132.14,585.0,16.99,45.21,813.92,155.97,2.0,6.85,26;9;29;15;37;50,11° 1.47244' E,46° 52.01608' N,1948.1,13
133.14,585.0,16.86,45.64,813.92,154.34,2.05,6.25,26;9;29;15;38;59,11° 1.47319' E,46° 52.0157' N,1950.05,13
134.14,589.0,16.82,45.26,813.92,152.01,1.9,5.7,26;9;29;15;39;50,11° 1.47307' E,46° 52.01634' N,1951.7,13
135.14,591.0,16.88,45.63,813.95,153.6,2.0,7.7,26;9;29;15;40;50,11° 1.47252' E,46° 52.01634' N,1949.35,13
136.14,588.5,16.75,45.98,813.96,154.95,2.4,11.1,26;9;29;15;41;50,11° 1.47296' E,46° 52.01574' N,1953.35,13
137.14,587.0,16.64,46.05,813.97,154.06,2.0,9.65,26;9;29;15;42;50,11° 1.47145' E,46° 52.01814' N,1948.0,13
138.14,583.5,16.52,46.13,813.99,153.6,2.4,11.05,26;9;29;15;43;50,11° 1.47274' E,46° 52.01681' N,1948.35,13
139.14,583.5,16.44,46.58,814.01,152.6,2.1,12.05,26;9;29;15;44;50,11° 1.47297' E,46° 52.01689' N,1950.6,13
140.14,582.5,16.47,46.2,814.01,152.66,2.55,11.7,26;9;29;15;45;59,11° 1.47294' E,46° 52.01587' N,1954.1,13
141.14,580.0,16.42,46.65,814.02,151.74,2.65,9.45,26;9;29;15;46;59,11° 1.47452' E,46° 52.01491' N,1956.35,13
142.14,581.0,16.28,47.17,814.03,149.94,2.35,8.7,26;9;29;15;47;50,11° 1.47266' E,46° 52.01723' N,1951.75,13
143.14,581.5,16.18,47.27,814.03,150.32,2.15,8.35,26;9;29;15;48;59,11° 1.47376' E,46° 52.01593' N,1949.3,13
144.14,581.0,16.04,47.46,814.04,148.55,2.9,6.75,26;9;29;15;49;59,11° 1.47317' E,46° 52.0167' N,1949.25,13
145.14,585.5,16.01,46.9,814.07,142.14,2.05,6.8,26;9;29;15;50;50,11° 1.47466' E,46° 52.01522' N,1947.55,13
146.14,587.0,16.01,46.71,814.08,140.77,1.9,6.35,26;9;29;15;51;50,11° 1.4741' E,46° 52.01666' N,1955.8,13
147.14,585.0,15.95,47.85,814.09,145.54,1.95,6.35,26;9;29;15;52;50,11° 1.47283' E,46° 52.01766' N,1951.15,13
148.14,585.0,15.85,48.11,814.1,146.2,2.25,7.3,26;9;29;15;53;50,11° 1.47304' E,46° 52.01652' N,1954.7,13
149.14,581.5,15.76,48.27,814.11,145.54,1.95,5.65,26;9;29;15;54;50,11° 1.47352' E,46° 52.01486' N,1955.75,13
150.14,581.5,15.69,48.56,814.11,146.14,2.35,6.95,26;9;29;15;55;50,11° 1.47441' E,46° 52.01416' N,1961.4,13
151.14,585.0,15.6,48.91,814.11,144.59,2.2,9.9,26;9;29;15;56;50,11° 1.47379' E,46° 52.01524' N,1954.75,13
152.14,587.0,15.5,49.21,814.11,142.48,2.15,9.5,26;9;29;15;57;50,11° 1.47296' E,46° 52.01506' N,1948.6,13
153.14,588.5,15.43,49.31,814.12,140.16,2.15,6.75,26;9;29;15;58;50,11° 1.47207' E,46° 52.01615' N,1948.55,13
154.14,588.0,15.35,49.7,814.14,139.33,2.25,7.6,26;9;29;15;59;50,11° 1.47289' E,46° 52.01561' N,1948.0,13
155.14,588.0,15.26,49.94,814.15,138.56,1.9,8.5,26;9;29;16;0;50,11° 1.47253' E,46° 52.01673' N,1944.3,13
156.14,585.5,15.18,50.35,814.16,137.96,2.05,10.0,26;9;29;16;1;50,11° 1.4731' E,46° 52.01516' N,1945.7,13
157.14,585.5,15.05,50.77,814.18,138.13,2.6,8.75,26;9;29;16;2;50,11° 1.47204' E,46° 52.01679' N,1947.4,13
158.14,588.0,14.9,51.41,814.19,138.62,2.6,9.6,26;9;29;16;3;59,11° 1.474' E,46° 52.0143' N,1951.35,13
159.14,585.0,14.78,51.26,814.21,138.18,2.2,10.5,26;9;29;16;4;59,11° 1.47382' E,46° 52.01354' N,1950.35,13
160.14,583.0,14.68,51.69,814.23,136.95,2.45,12.45,26;9;29;16;5;50,11° 1.47306' E,46° 52.01363' N,1950.65,13
161.14,582.0,14.55,52.02,814.23,135.89,2.3,7.95,26;9;29;16;6;59,11° 1.47399' E,46° 52.01476' N,1950.5,13
162.14,578.5,14.46,52.15,814.26,135.11,2.05,6.6,26;9;29;16;7;59,11° 1.47359' E,46° 52.01476' N,1950.65,13
163.14,578.5,14.41,52.12,814.26,133.98,2.55,8.05,26;9;29;16;8;50,11° 1.47416' E,46° 52.01403' N,1952.65,13
164.14,579.0,14.4,52.06,814.27,133.17,1.85,7.0,26;9;29;16;9;59,11° 1.47604' E,46° 52.01321' N,1954.3,13
165.14,579.0,14.4,51.91,814.28,132.97,2.35,8.25,26;9;29;16;10;50,11° 1.47699' E,46° 52.01303' N,1951.2,13
166.14,580.0,14.41,51.82,814.28,132.47,2.35,8.3,26;9;29;16;11;50,11° 1.47572' E,46° 52.01356' N,1952.15,13
167.14,580.5,14.45,51.37,814.27,132.22,2.3,9.95,26;9;29;16;12;50,11° 1.47556' E,46° 52.01426' N,1951.45,13
168.14,581.5,14.43,52.08,814.28,132.47,2.4,8.55,26;9;29;16;13;50,11° 1.47659' E,46° 52.01379' N,1951.1,13
169.14,581.0,14.36,52.3,814.28,131.83,2.5,8.0,26;9;29;16;14;50,11° 1.47539' E,46° 52.01421' N,1951.55,13
170.14,581.0,14.26,52.33,814.28,131.68,2.1,7.3,26;9;29;16;15;50,11° 1.47608' E,46° 52.01396' N,1953.25,13
171.14,582.0,14.24,51.98,814.29,130.51,2.3,8.0,26;9;29;16;16;50,11° 1.47512' E,46° 52.01397' N,1949.8,13
172.14,582.0,14.23,51.84,814.29,129.69,1.8,8.15,26;9;29;16;17;59,11° 1.47516' E,46° 52.01399' N,1949.6,13
173.14,580.0,14.2,52.32,814.3,130.51,2.55,9.05,26;9;29;16;18;50,11° 1.47645' E,46° 52.01389' N,1951.65,13
174.14,580.0,14.13,52.87,814.32,129.45,2.1,8.9,26;9;29;16;19;59,11° 1.47694' E,46° 52.01424' N,1947.4,13
175.14,581.5,14.05,52.93,814.35,128.98,1.95,8.05,26;9;29;16;20;59,11° 1.47687' E,46° 52.01284' N,1950.25,13
176.14,584.0,14.0,52.74,814.36,127.58,2.35,10.95,26;9;29;16;21;59,11° 1.47624' E,46° 52.01241' N,1953.9,13
177.14,579.0,14.05,52.27,814.36,127.81,2.15,7.55,26;9;29;16;22;59,11° 1.47525' E,46° 52.01276' N,1952.45,13
178.14,581.0,14.16,52.43,814.35,129.69,2.8,9.1,26;9;29;16;23;50,11° 1.4759' E,46° 52.01341' N,1950.95,13
179.14,580.0,14.14,52.65,814.37,129.26,2.5,10.4,26;9;29;16;24;59,11° 1.47556' E,46° 52.01565' N,1945.8,13
180.14,580.0,14.07,52.75,814.39,129.12,2.7,13.75,26;9;29;16;25;50,11° 1.47579' E,46° 52.01294' N,1948.7,13
181.14,582.5,14.02,53.4,814.4,129.22,2.7,12.8,26;9;29;16;26;50,11° 1.4753' E,46° 52.01326' N,1949.9,13
182.14,580.0,13.91,53.66,814.41,128.46,2.3,7.2,26;9;29;16;27;59,11° 1.47525' E,46° 52.01531' N,1947.25,13
183.14,581.0,13.82,53.93,814.42,127.35,2.5,12.85,26;9;29;16;28;59,11° 1.47547' E,46° 52.01484' N,1944.95,13
184.14,582.0,13.72,54.15,814.42,126.52,2.2,12.75,26;9;29;16;29;59,11° 1.47478' E,46° 52.01415' N,1944.95,13
185.14,583.0,13.62,54.16,814.43,125.44,2.2,10.2,26;9;29;16;30;59,11° 1.47396' E,46° 52.01487' N,1948.25,13
186.14,581.5,13.53,54.19,814.45,124.74,2.6,8.7,26;9;29;16;31;59,11° 1.47467' E,46° 52.01368' N,1949.05,13
187.14,584.0,13.48,54.04,814.46,124.34,2.25,10.5,26;9;29;16;32;50,11° 1.47368' E,46° 52.0144' N,1946.65,13
188.14,584.0,13.44,54.28,814.46,124.56,2.55,10.75,26;9;29;16;33;59,11° 1.47508' E,46° 52.01546' N,1943.35,13
189.14,585.0,13.41,54.14,814.48,124.69,2.15,9.05,26;9;29;16;34;59,11° 1.47385' E,46° 52.01627' N,1945.2,13
190.14,585.5,13.37,54.69,814.48,124.65,2.45,8.3,26;9;29;16;35;59,11° 1.47417' E,46° 52.01544' N,1944.6,13
191.14,586.5,13.27,55.02,814.5,123.81,2.95,10.6,26;9;29;16;36;59,11° 1.47485' E,46° 52.01475' N,1943.15,13
192.14,587.0,13.21,54.79,814.52,123.6,2.65,9.45,26;9;29;16;37;59,11° 1.4746' E,46° 52.01373' N,1946.6,13
193.14,587.0,13.16,55.06,814.52,123.86,2.65,10.55,26;9;29;16;38;59,11° 1.47367' E,46° 52.0132' N,1942.95,13
194.14,586.0,13.09,55.51,814.53,123.51,3.4,9.15,26;9;29;16;39;50,11° 1.4732' E,46° 52.01465' N,1946.0,13
195.14,585.0,12.99,55.67,814.53,123.12,2.9,9.95,26;9;29;16;40;50,11° 1.47485' E,46° 52.01267' N,1945.8,13
196.14,589.0,12.94,55.66,814.53,122.65,3.15,9.25,26;9;29;16;41;59,11° 1.47363' E,46° 52.01321' N,1943.3,13
197.14,589.0,12.93,55.46,814.53,122.23,3.7,11.2,26;9;29;16;42;59,11° 1.47413' E,46° 52.01313' N,1949.5,13
198.14,591.5,12.96,55.21,814.55,122.48,4.3,10.4,26;9;29;16;43;59,11° 1.47477' E,46° 52.01606' N,1943.7,13
199.14,591.0,12.98,55.54,814.55,122.82,5.6,8.75,26;9;29;16;44;59,11° 1.47293' E,46° 52.01604' N,1945.15,13
200.14,590.0,12.94,56.2,814.57,122.31,6.25,12.3,26;9;29;16;45;59,11° 1.4731' E,46° 52.017' N,1946.65,13
201.14,590.5,12.84,56.38,814.57,121.01,6.15,11.1,26;9;29;16;46;50,11° 1.47267' E,46° 52.01632' N,1948.9,13
202.14,594.0,12.79,56.4,814.58,120.47,7.3,10.4,26;9;29;16;47;50,11° 1.47386' E,46° 52.01701' N,1946.85,13
203.14,595.0,12.72,56.83,814.58,120.18,8.65,12.2,26;9;29;16;48;59,11° 1.47429' E,46° 52.01771' N,1945.8,13
204.14,597.0,12.66,57.11,814.6,119.61,9.4,13.85,26;9;29;16;49;50,11° 1.47176' E,46° 52.01445' N,1946.5,13
205.14,596.5,12.66,56.97,814.6,119.01,9.5,13.65,26;9;29;16;50;59,11° 1.47039' E,46° 52.00826' N,1939.7,13
206.14,597.0,12.67,57.19,814.61,118.69,11.15,13.15,26;9;29;16;51;50,11° 1.47197' E,46° 52.01293' N,1947.1,13
207.14,600.5,12.64,56.9,814.6,117.62,11.45,14.8,26;9;29;16;52;59,11° 1.47356' E,46° 52.01507' N,1955.35,13
208.14,600.5,12.65,55.87,814.6,116.57,12.15,13.45,26;9;29;16;53;59,11° 1.47108' E,46° 52.01259' N,1954.9,13
209.14,600.0,12.66,55.78,814.61,117.15,12.5,15.05,26;9;29;16;54;50,11° 1.47228' E,46° 52.01299' N,1953.6,13
210.14,598.0,12.62,56.93,814.62,119.05,12.45,14.3,26;9;29;16;55;50,11° 1.47102' E,46° 52.01231' N,1951.35,13
211.14,597.5,12.56,57.1,814.62,118.53,14.85,16.75,26;9;29;16;56;59,11° 1.46941' E,46° 52.00927' N,1959.0,13
212.14,596.0,12.56,57.09,814.63,119.09,15.45,17.2,26;9;29;16;57;59,11° 1.46575' E,46° 52.00421' N,1973.9,13
213.14,592.5,12.59,56.82,814.63,119.45,17.4,19.65,26;9;29;16;58;59,11° 1.46373' E,46° 52.00108' N,1983.95,13
214.14,589.5,12.66,56.07,814.63,119.69,15.3,16.9,26;9;29;16;59;59,11° 1.46946' E,46° 52.01156' N,1976.65,13
215.14,591.5,12.67,56.07,814.64,119.82,16.55,18.2,26;9;29;17;0;59,11° 1.46899' E,46° 52.01084' N,1963.4,13
216.14,593.0,12.62,55.84,814.63,119.33,18.15,19.85,26;9;29;17;1;59,11° 1.47096' E,46° 52.01353' N,1957.0,13
217.14,595.5,12.62,55.41,814.63,119.61,19.45,21.2,26;9;29;17;2;59,11° 1.4691' E,46° 52.01072' N,1958.75,13
218.14,597.5,12.57,55.42,814.62,119.94,19.95,21.9,26;9;29;17;3;59,11° 1.47039' E,46° 52.01315' N,1956.6,13
219.14,596.0,12.51,55.3,814.62,119.9,22.7,25.2,26;9;29;17;4;59,11° 1.47236' E,46° 52.0137' N,1954.95,13
220.14,597.5,12.54,55.14,814.61,119.65,22.6,25.1,26;9;29;17;5;59,11° 1.4701' E,46° 52.01147' N,1958.35,13
221.14,597.0,12.48,56.22,814.62,120.39,22.75,24.9,26;9;29;17;6;59,11° 1.47042' E,46° 52.012' N,1954.35,13
222.14,597.5,12.37,56.38,814.63,120.88,21.7,23.7,26;9;29;17;7;59,11° 1.46821' E,46° 52.00997' N,1955.9,13
223.14,596.5,12.29,56.52,814.63,121.01,25.05,27.1,26;9;29;17;8;59,11° 1.46848' E,46° 52.01254' N,1954.1,13
224.14,595.5,12.22,56.54,814.63,120.76,26.25,28.4,26;9;29;17;9;59,11° 1.46805' E,46° 52.01211' N,1954.05,13
225.14,597.0,12.18,56.35,814.63,121.18,27.25,29.45,26;9;29;17;10;59,11° 1.47196' E,46° 52.01572' N,1951.15,13
226.14,596.0,12.18,56.3,814.62,122.01,28.85,31.05,26;9;29;17;11;59,11° 1.46992' E,46° 52.01321' N,1949.4,13
227.14,597.0,12.14,56.6,814.64,121.26,29.85,32.3,26;9;29;17;12;50,11° 1.46637' E,46° 52.0123' N,1955.15,13
228.14,597.5,12.09,56.18,814.64,119.9,36.7,39.55,26;9;29;17;13;59,11° 1.47166' E,46° 52.01315' N,1955.6,13
229.14,599.0,12.05,56.0,814.64,120.6,39.55,42.45,26;9;29;17;14;59,11° 1.46957' E,46° 52.01319' N,1950.0,13
230.14,597.5,12.03,56.53,814.65,121.55,47.45,50.85,26;9;29;17;15;59,11° 1.4734' E,46° 52.01603' N,1951.1,13
231.14,600.0,11.97,56.47,814.65,121.68,56.55,60.4,26;9;29;17;16;59,11° 1.47185' E,46° 52.0159' N,1952.45,13
232.14,599.5,11.92,56.72,814.64,121.93,60.95,65.05,26;9;29;17;17;59,11° 1.47339' E,46° 52.01749' N,1952.95,13
233.14,600.0,11.87,56.95,814.65,122.1,67.15,71.55,26;9;29;17;18;50,11° 1.47459' E,46° 52.01774' N,1948.9,13
234.14,598.5,11.81,57.23,814.66,122.14,74.05,78.75,26;9;29;17;19;50,11° 1.47109' E,46° 52.01634' N,1951.25,13
235.14,595.0,11.75,57.31,814.67,121.93,81.65,87.0,26;9;29;17;20;59,11° 1.4719' E,46° 52.0162' N,1947.9,13
236.14,595.0,11.69,57.37,814.67,121.3,95.25,101.3,26;9;29;17;21;59,11° 1.4725' E,46° 52.01628' N,1954.0,13
237.14,596.0,11.65,56.71,814.68,120.35,95.7,101.95,26;9;29;17;22;59,11° 1.47145' E,46° 52.01524' N,1953.4,13
238.14,598.5,11.67,56.53,814.68,120.22,99.65,106.1,26;9;29;17;23;59,11° 1.47172' E,46° 52.01586' N,1958.95,13
239.14,600.0,11.67,57.1,814.69,121.05,104.0,110.85,26;9;29;17;24;59,11° 1.47231' E,46° 52.01786' N,1955.75,13
240.14,600.5,11.72,56.72,814.7,121.18,112.65,119.75,26;9;29;17;25;50,11° 1.4724' E,46° 52.01752' N,1957.95,13
241.14,598.0,11.81,56.37,814.72,121.55,122.55,130.05,26;9;29;17;26;59,11° 1.47137' E,46° 52.01528' N,1953.45,13
242.14,588.5,11.91,56.05,814.71,121.93,123.1,130.4,26;9;29;17;27;50,11° 1.47507' E,46° 52.01682' N,1950.3,13
243.14,588.0,11.98,55.79,814.72,122.31,123.2,130.75,26;9;29;17;28;50,11° 1.46908' E,46° 52.01355' N,1956.5,13
244.14,583.0,12.0,55.77,814.73,122.91,138.3,146.6,26;9;29;17;29;50,11° 1.47348' E,46° 52.01589' N,1952.05,13
245.14,581.0,11.87,56.45,814.73,123.34,138.85,147.05,26;9;29;17;30;50,11° 1.4725' E,46° 52.01667' N,1952.75,13
246.14,580.5,11.76,56.64,814.73,122.91,139.15,147.25,26;9;29;17;31;50,11° 1.47082' E,46° 52.01428' N,1952.15,13
247.14,582.5,11.61,57.23,814.74,122.61,145.0,153.6,26;9;29;17;32;50,11° 1.47364' E,46° 52.01413' N,1955.2,13
248.14,580.5,11.47,57.45,814.75,122.1,147.1,155.7,26;9;29;17;33;50,11° 1.47228' E,46° 52.01483' N,1953.4,13
249.14,580.5,11.38,57.23,814.75,120.97,157.4,166.35,26;9;29;17;34;59,11° 1.47176' E,46° 52.01347' N,1947.5,13
250.14,579.0,11.35,57.15,814.76,119.74,164.35,173.65,26;9;29;17;35;50,11° 1.47252' E,46° 52.01468' N,1949.95,13
251.14,581.0,11.33,57.5,814.76,120.8,174.15,184.0,26;9;29;17;36;50,11° 1.47129' E,46° 52.01562' N,1950.7,13
252.14,583.5,11.31,57.16,814.77,120.22,173.25,183.0,26;9;29;17;37;50,11° 1.47308' E,46° 52.01465' N,1950.85,13
253.14,582.0,11.33,57.17,814.78,121.09,178.1,188.05,26;9;29;17;38;59,11° 1.47234' E,46° 52.01441' N,1949.2,13
254.14,578.0,11.3,57.58,814.78,120.88,183.9,194.15,26;9;29;17;39;50,11° 1.47149' E,46° 52.01432' N,1951.05,13
255.14,578.0,11.24,57.67,814.78,121.18,182.8,193.0,26;9;29;17;40;50,11° 1.4717' E,46° 52.0143' N,1949.9,13
256.14,576.0,11.12,57.93,814.78,121.89,190.65,200.95,26;9;29;17;41;50,11° 1.47207' E,46° 52.01387' N,1949.25,13
257.14,570.0,11.07,57.71,814.79,120.89,201.0,211.8,26;9;29;17;42;50,11° 1.47326' E,46° 52.01545' N,1948.8,13
258.14,566.0,11.14,57.34,814.8,120.88,199.75,210.3,26;9;29;17;43;50,11° 1.47328' E,46° 52.01597' N,1945.45,13
259.14,565.0,11.27,57.03,814.81,120.72,197.3,207.85,26;9;29;17;44;50,11° 1.47196' E,46° 52.01472' N,1946.45,13
260.14,564.0,11.31,57.28,814.82,121.34,206.0,216.75,26;9;29;17;45;50,11° 1.47255' E,46° 52.01377' N,1947.7,13
261.14,564.0,11.28,57.54,814.82,121.55,215.15,226.15,26;9;29;17;46;50,11° 1.47343' E,46° 52.01476' N,1947.85,13
262.14,563.5,11.21,57.46,814.83,121.01,211.6,222.5,26;9;29;17;47;59,11° 1.47325' E,46° 52.01479' N,1949.35,13
263.14,566.0,11.16,57.15,814.83,120.1,223.2,234.8,26;9;29;17;48;59,11° 1.47323' E,46° 52.01502' N,1948.35,13
264.14,566.0,11.06,57.51,814.83,120.22,229.7,241.45,26;9;29;17;49;59,11° 1.47218' E,46° 52.01459' N,1947.7,13
265.14,567.0,11.02,57.16,814.84,119.01,234.75,246.95,26;9;29;17;50;50,11° 1.47117' E,46° 52.01362' N,1948.25,13
266.14,565.5,10.98,57.57,814.86,120.39,257.3,270.2,26;9;29;17;51;50,11° 1.47316' E,46° 52.01453' N,1947.3,13
267.14,561.5,10.95,57.98,814.86,121.18,254.9,267.7,26;9;29;17;52;50,11° 1.47307' E,46° 52.01363' N,1955.5,13
268.14,559.0,10.94,58.23,814.86,121.55,256.4,269.45,26;9;29;17;53;50,11° 1.47233' E,46° 52.01439' N,1950.6,13
269.14,567.5,10.87,58.4,814.86,121.22,267.8,281.1,26;9;29;17;54;50,11° 1.47228' E,46° 52.01419' N,1949.6,13
270.14,573.5,10.8,58.35,814.86,120.6,276.95,290.65,26;9;29;17;55;50,11° 1.47277' E,46° 52.01332' N,1954.35,13
271.14,578.5,10.76,57.88,814.87,119.37,277.45,291.1,26;9;29;17;56;50,11° 1.47123' E,46° 52.01077' N,1957.3,13
272.14,579.0,10.86,57.57,814.87,120.02,285.3,299.2,26;9;29;17;57;59,11° 1.47281' E,46° 52.01377' N,1956.95,13
273.14,580.0,10.9,57.94,814.88,120.51,274.7,288.05,26;9;29;17;58;59,11° 1.47351' E,46° 52.01297' N,1955.3,13
274.14,579.5,10.8,58.4,814.89,120.72,294.35,308.45,26;9;29;17;59;59,11° 1.4743' E,46° 52.01367' N,1954.2,13
275.14,576.5,10.72,58.32,814.89,119.86,296.8,310.8,26;9;29;18;0;59,11° 1.47377' E,46° 52.01411' N,1951.95,13
276.14,574.5,10.68,58.67,814.89,120.27,316.15,331.25,26;9;29;18;1;59,11° 1.4745' E,46° 52.01448' N,1945.25,13
277.14,570.5,10.66,58.5,814.91,119.57,314.0,328.95,26;9;29;18;2;59,11° 1.47497' E,46° 52.01405' N,1948.5,13
278.14,563.5,10.74,57.79,814.9,118.93,333.2,349.0,26;9;29;18;3;50,11° 1.47372' E,46° 52.01358' N,1953.3,13
279.14,562.0,10.81,57.38,814.9,118.37,334.4,349.8,26;9;29;18;4;50,11° 1.47364' E,46° 52.01082' N,1961.45,13
280.14,559.0,10.77,58.08,814.89,119.74,335.5,351.1,26;9;29;18;5;50,11° 1.47466' E,46° 52.01055' N,1962.2,13
281.14,557.0,10.7,57.89,814.89,119.53,339.9,355.4,26;9;29;18;6;59,11° 1.47489' E,46° 52.0134' N,1957.2,13
282.14,556.0,10.65,58.13,814.9,119.09,359.75,376.05,26;9;29;18;7;50,11° 1.47555' E,46° 52.01387' N,1958.1,13
283.14,557.0,10.62,57.84,814.9,117.93,374.0,391.25,26;9;29;18;8;50,11° 1.47434' E,46° 52.01676' N,1955.0,13
284.14,556.0,10.6,58.34,814.91,119.45,385.55,403.05,26;9;29;18;9;50,11° 1.47445' E,46° 52.01384' N,1954.25,13
285.14,552.0,10.57,58.6,814.91,119.33,389.4,406.8,26;9;29;18;10;59,11° 1.47388' E,46° 52.01196' N,1959.05,13
286.14,542.0,10.61,58.17,814.91,119.53,427.75,446.65,26;9;29;18;11;50,11° 1.47568' E,46° 52.01301' N,1960.05,13
287.14,531.5,10.7,57.62,814.91,119.21,433.45,452.3,26;9;29;18;12;59,11° 1.47664' E,46° 52.01257' N,1955.35,13
288.14,529.0,10.86,57.28,814.91,119.29,464.4,483.85,26;9;29;18;13;59,11° 1.47717' E,46° 52.01279' N,1952.7,13
289.14,529.5,11.01,56.9,814.9,119.21,475.2,495.05,26;9;29;18;14;50,11° 1.47414' E,46° 52.01703' N,1948.35,13
290.14,526.0,11.1,56.87,814.91,119.33,490.75,511.05,26;9;29;18;15;59,11° 1.47492' E,46° 52.01566' N,1948.4,13
291.14,527.0,10.97,57.21,814.91,118.25,534.6,556.2,26;9;29;18;16;59,11° 1.47523' E,46° 52.01559' N,1945.7,13
292.14,529.0,10.83,57.26,814.9,117.23,519.15,539.95,26;9;29;18;17;59,11° 1.47455' E,46° 52.01221' N,1944.35,13
293.14,531.0,10.71,57.33,814.91,117.03,513.7,534.35,26;9;29;18;18;50,11° 1.47402' E,46° 52.01505' N,1946.9,13
294.14,531.5,10.63,57.61,814.91,117.66,506.9,527.15,26;9;29;18;19;59,11° 1.47402' E,46° 52.0141' N,1945.15,13
295.14,526.5,10.57,57.81,814.92,117.77,521.4,542.55,26;9;29;18;20;50,11° 1.47329' E,46° 52.01351' N,1944.7,13
296.14,514.5,10.53,58.02,814.93,117.89,525.35,546.45,26;9;29;18;21;50,11° 1.47401' E,46° 52.01444' N,1942.5,13
297.14,462.5,10.52,57.69,814.92,117.54,510.8,531.45,26;9;29;18;22;59,11° 1.47477' E,46° 52.01294' N,1946.1,13
298.14,426.0,10.51,58.38,814.92,118.53,484.8,504.55,26;9;29;18;23;50,11° 1.47569' E,46° 52.01076' N,1950.5,13
299.14,417.0,10.48,58.38,814.93,118.61,508.1,527.8,26;9;29;18;24;59,11° 1.47348' E,46° 52.01278' N,1949.35,13
300.14,428.0,10.45,58.57,814.92,118.53,494.2,513.65,26;9;29;18;25;59,11° 1.47503' E,46° 52.01342' N,1948.95,13
301.14,471.0,10.41,58.75,814.92,118.25,497.7,517.05,26;9;29;18;26;59,11° 1.47538' E,46° 52.01477' N,1947.7,13
302.14,486.0,10.37,58.34,814.93,117.11,468.3,486.85,26;9;29;18;27;59,11° 1.47489' E,46° 52.01404' N,1949.85,13
303.14,486.5,10.37,58.44,814.93,117.81,494.85,514.35,26;9;29;18;28;50,11° 1.47395' E,46° 52.01462' N,1946.3,13
304.14,482.5,10.34,59.21,814.94,118.05,500.45,519.9,26;9;29;18;29;59,11° 1.47339' E,46° 52.016' N,1945.65,13
305.14,482.5,10.28,59.25,814.95,117.97,490.0,509.5,26;9;29;18;30;50,11° 1.4735' E,46° 52.01431' N,1942.4,13
306.14,484.5,10.25,59.22,814.96,118.41,478.95,497.9,26;9;29;18;31;59,11° 1.47336' E,46° 52.01565' N,1946.5,13
307.14,491.0,10.24,59.25,814.96,117.89,490.8,510.2,26;9;29;18;32;50,11° 1.47228' E,46° 52.01606' N,1942.85,13
308.14,489.0,10.23,59.06,814.97,117.11,490.35,509.8,26;9;29;18;33;50,11° 1.47423' E,46° 52.01458' N,1944.3,13
309.14,501.0,10.21,58.59,814.98,115.38,481.65,500.75,26;9;29;18;34;50,11° 1.47334' E,46° 52.01611' N,1944.7,13
310.14,506.0,10.24,58.71,814.98,117.04,473.1,492.05,26;9;29;18;35;59,11° 1.47321' E,46° 52.01635' N,1942.75,13
311.14,507.0,10.24,59.2,814.98,117.7,486.3,505.8,26;9;29;18;36;50,11° 1.47376' E,46° 52.01509' N,1945.15,13
312.14,501.5,10.21,59.15,814.99,118.13,478.75,498.3,26;9;29;18;37;59,11° 1.47331' E,46° 52.01431' N,1943.65,13
313.14,491.0,10.17,58.89,815.0,117.5,477.65,496.9,26;9;29;18;38;50,11° 1.47334' E,46° 52.01567' N,1939.65,13
314.14,474.0,10.17,58.74,815.01,116.72,494.7,514.55,26;9;29;18;39;50,11° 1.47453' E,46° 52.01375' N,1945.55,13
315.14,461.5,10.2,58.83,815.03,117.89,471.0,490.0,26;9;29;18;40;50,11° 1.47287' E,46° 52.01569' N,1943.0,13
316.14,417.0,10.2,58.76,815.03,118.77,498.8,518.7,26;9;29;18;41;59,11° 1.4726' E,46° 52.01405' N,1941.3,13
317.14,401.5,10.17,58.93,815.04,119.17,483.9,503.4,26;9;29;18;42;50,11° 1.47365' E,46° 52.01594' N,1944.25,13
318.14,389.0,10.12,59.04,815.03,119.33,464.9,484.0,26;9;29;18;43;59,11° 1.47301' E,46° 52.01601' N,1944.65,13
319.14,357.5,10.1,58.96,815.04,119.57,465.2,484.15,26;9;29;18;44;50,11° 1.47317' E,46° 52.01385' N,1945.95,13
320.14,356.0,10.07,59.2,815.03,119.41,468.9,488.05,26;9;29;18;45;59,11° 1.47361' E,46° 52.01659' N,1944.2,13
321.14,440.5,10.07,59.19,815.02,119.74,469.65,488.9,26;9;29;18;46;59,11° 1.47369' E,46° 52.01542' N,1944.0,13
322.14,440.5,10.08,59.22,815.03,119.05,458.75,477.45,26;9;29;18;47;50,11° 1.47167' E,46° 52.01635' N,1947.05,13
323.14,441.5,10.06,59.05,815.02,117.89,439.85,458.05,26;9;29;18;48;59,11° 1.47254' E,46° 52.0168' N,1947.2,13
324.14,440.0,10.06,58.92,815.02,118.09,477.05,496.55,26;9;29;18;49;50,11° 1.47234' E,46° 52.01699' N,1948.95,13
325.14,444.5,10.05,58.95,815.02,118.89,443.3,461.5,26;9;29;18;50;50,11° 1.4735' E,46° 52.01577' N,1946.6,13
326.14,447.5,10.02,59.2,815.02,119.17,459.95,478.9,26;9;29;18;51;59,11° 1.4723' E,46° 52.01606' N,1943.4,13
327.14,451.5,9.98,59.36,815.06,118.69,440.65,458.9,26;9;29;18;52;50,11° 1.47054' E,46° 52.01848' N,1953.7,13
328.14,456.0,9.92,59.5,815.07,117.66,422.6,440.2,26;9;29;18;53;50,11° 1.475' E,46° 52.01209' N,1951.1,13
329.14,452.5,9.87,59.44,815.06,117.7,426.15,443.95,26;9;29;18;54;59,11° 1.47381' E,46° 52.01422' N,1944.85,13
330.14,439.0,9.86,59.68,815.06,118.85,434.05,452.3,26;9;29;18;55;50,11° 1.46933' E,46° 52.02142' N,1952.5,13
331.14,425.5,9.83,59.7,815.06,118.21,416.65,434.45,26;9;29;18;56;59,11° 1.47593' E,46° 52.01356' N,1944.9,13
332.14,410.5,9.82,59.1,815.06,117.5,421.35,439.5,26;9;29;18;57;59,11° 1.47486' E,46° 52.01428' N,1941.6,13
333.14,368.5,9.8,59.49,815.07,118.61,426.25,444.7,26;9;29;18;58;59,11° 1.47771' E,46° 52.01038' N,1936.6,13
334.14,406.0,9.81,59.49,815.08,118.85,397.45,414.65,26;9;29;18;59;50,11° 1.47535' E,46° 52.00777' N,1943.45,13
335.14,394.5,9.83,59.53,815.09,119.09,361.9,377.55,26;9;29;19;0;59,11° 1.47214' E,46° 52.01917' N,1947.2,13
Tijd,CO2,TempBME,RHBME,Press,Rvoc,PM2.5,PM10,TijdGPS,LengteGr,BreedteGr,Hoogte,Sensornummer
Tijd,CO2,TempBME,RHBME,Press,Rvoc,PM2.5,PM10,TijdGPS,LengteGr,BreedteGr,Hoogte,Sensornummer
Tijd,CO2,TempBME,RHBME,Press,Rvoc,PM2.5,PM10,TijdGPS,LengteGr,BreedteGr,Hoogte,Sensornummer
Tijd,CO2,TempBME,RHBME,Press,Rvoc,PM2.5,PM10,TijdGPS,LengteGr,BreedteGr,Hoogte,Sensornummer
Tijd,CO2,TempBME,RHBME,Press,Rvoc,PM2.5,PM10,TijdGPS,LengteGr,BreedteGr,Hoogte,Sensornummer
Tijd,CO2,TempBME,RHBME,Press,Rvoc,PM2.5,PM10,TijdGPS,LengteGr,BreedteGr,Hoogte,Sensornummer
Tijd,CO2,TempBME,RHBME,Press,Rvoc,PM2.5,PM10,TijdGPS,LengteGr,BreedteGr,Hoogte,Sensornummer
Tijd,CO2,TempBME,RHBME,Press,Rvoc,PM2.5,PM10,TijdGPS,LengteGr,BreedteGr,Hoogte,Sensornummer
Tijd,CO2,TempBME,RHBME,Press,Rvoc,PM2.5,PM10,TijdGPS,LengteGr,BreedteGr,Hoogte,Sensornummer
Tijd,CO2,TempBME,RHBME,Press,Rvoc,PM2.5,PM10,TijdGPS,LengteGr,BreedteGr,Hoogte,Sensornummer
Tijd,CO2,TempBME,RHBME,Press,Rvoc,PM2.5,PM10,TijdGPS,LengteGr,BreedteGr,Hoogte,Sensornummer
Tijd,CO2,TempBME,RHBME,Press,Rvoc,PM2.5,PM10,TijdGPS,LengteGr,BreedteGr,Hoogte,Sensornummer
Tijd,CO2,TempBME,RHBME,Press,Rvoc,PM2.5,PM10,TijdGPS,LengteGr,BreedteGr,Hoogte,Sensornummer
Tijd,CO2,TempBME,RHBME,Press,Rvoc,PM2.5,PM10,TijdGPS,LengteGr,BreedteGr,Hoogte,Sensornummer
Tijd,CO2,TempBME,RHBME,Press,Rvoc,PM2.5,PM10,TijdGPS,LengteGr,BreedteGr,Hoogte,Sensornummer
Tijd,CO2,TempBME,RHBME,Press,Rvoc,PM2.5,PM10,TijdGPS,LengteGr,BreedteGr,Hoogte,Sensornummer
Tijd,CO2,TempBME,RHBME,Press,Rvoc,PM2.5,PM10,TijdGPS,LengteGr,BreedteGr,Hoogte,Sensornummer
Tijd,CO2,TempBME,RHBME,Press,Rvoc,PM2.5,PM10,TijdGPS,LengteGr,BreedteGr,Hoogte,Sensornummer
Tijd,CO2,TempBME,RHBME,Press,Rvoc,PM2.5,PM10,TijdGPS,LengteGr,BreedteGr,Hoogte,Sensornummer
Tijd,CO2,TempBME,RHBME,Press,Rvoc,PM2.5,PM10,TijdGPS,LengteGr,BreedteGr,Hoogte,Sensornummer
Tijd,CO2,TempBME,RHBME,Press,Rvoc,PM2.5,PM10,TijdGPS,LengteGr,BreedteGr,Hoogte,Sensornummer
Tijd,CO2,TempBME,RHBME,Press,Rvoc,PM2.5,PM10,TijdGPS,LengteGr,BreedteGr,Hoogte,Sensornummer
Tijd,CO2,TempBME,RHBME,Press,Rvoc,PM2.5,PM10,TijdGPS,LengteGr,BreedteGr,Hoogte,Sensornummer
Tijd,CO2,TempBME,RHBME,Press,Rvoc,PM2.5,PM10,TijdGPS,LengteGr,BreedteGr,Hoogte,Sensornummer
Tijd,CO2,TempBME,RHBME,Press,Rvoc,PM2.5,PM10,TijdGPS,LengteGr,BreedteGr,Hoogte,Sensornummer

